Time_OCP(s),OCP(V),Time_EIS(s),Freq(Hz),Zmod,Zph,Zreal,Zimag,ScanRate(V/s),Time_CV0050(s),Vf(V),Im(A),ScanRate(V/s),Time_CV0100(s),Vf(V),Im(A),ScanRate(V/s),Time_CV0500(s),Vf(V),Im(A),ScanRate(V/s),Time_CV1000(s),Vf(V),Im(A),ScanRate(V/s),Time3000(s),Vf(V),Im(A),ScanRate(V/s),Time5000(s),Vf(V),Im(A),ScanRate(V/s),Time10000(s),Vf(V),Im(A),ScanRate(V/s),Time50000(s),Vf(V),Im(A)
0.5083,0.1936,3.0,100200.00,6015,-6.45,5977,-676.0,0.05,112.2,0.5901,-1.09E-08,0.10,56.1,0.5902,-2.68E-08,0.50,11.22,0.5903,-2.13E-08,1.00,4.85,0.5904,1.62E-07,3.00,1.87,0.5908,1.58E-06,5.00,1.122,0.5913,3.00E-06,10.00,0.561,0.5902,5.91E-06,50.00,0.1122,0.5902,3.57E-05
1.0170,0.1936,4.0,72070.00,6079,-5.42,6052,-574.5,,112.4,0.5801,-1.91E-08,,56.2,0.5802,-4.48E-08,,11.24,0.5803,-1.87E-07,,4.86,0.5804,-1.87E-07,,1.87,0.5808,8.00E-07,,1.124,0.5813,1.92E-06,,0.562,0.5802,4.40E-06,,0.1124,0.5803,3.26E-05
1.5250,0.1936,6.0,51910.00,6155,-4.76,6134,-511.3,,112.6,0.5702,-2.41E-08,,56.3,0.5702,-5.39E-08,,11.26,0.5703,-2.63E-07,,4.87,0.5704,-3.86E-07,,1.88,0.5708,2.49E-07,,1.126,0.5713,1.16E-06,,0.563,0.5702,3.27E-06,,0.1126,0.5703,2.99E-05
2.0330,0.1936,7.0,37380.00,6225,-4.43,6207,-481.3,,112.8,0.5601,-2.75E-08,,56.4,0.5602,-6.00E-08,,11.28,0.5603,-3.05E-07,,4.88,0.5604,-5.10E-07,,1.88,0.5608,-1.84E-07,,1.128,0.5613,5.55E-07,,0.564,0.5601,2.36E-06,,0.1128,0.5602,2.75E-05
2.5420,0.1936,9.0,26840.00,6319,-3.07,6310,-338.8,,113.0,0.5501,-3.00E-08,,56.5,0.5502,-6.44E-08,,11.30,0.5503,-3.31E-07,,4.89,0.5504,-5.92E-07,,1.88,0.5508,-5.36E-07,,1.130,0.5513,5.02E-08,,0.565,0.5502,1.58E-06,,0.1130,0.5502,2.53E-05
3.0500,0.1936,10.0,19340.00,6339,-3.50,6328,-386.5,,113.2,0.5401,-3.19E-08,,56.6,0.5401,-6.76E-08,,11.32,0.5403,-3.49E-07,,4.90,0.5404,-6.48E-07,,1.89,0.5408,-8.28E-07,,1.132,0.5413,-3.84E-07,,0.566,0.5402,9.09E-07,,0.1132,0.5402,2.33E-05
3.5580,0.1936,12.0,13950.00,6389,-4.07,6373,-453.6,,113.4,0.5301,-3.34E-08,,56.7,0.5301,-7.02E-08,,11.34,0.5302,-3.61E-07,,4.91,0.5304,-6.88E-07,,1.89,0.5308,-1.07E-06,,1.134,0.5313,-7.64E-07,,0.567,0.5301,3.09E-07,,0.1134,0.5302,2.14E-05
4.0670,0.1936,13.0,9947.00,6455,-4.80,6432,-540.0,,113.6,0.5201,-3.45E-08,,56.8,0.5202,-7.22E-08,,11.36,0.5203,-3.70E-07,,4.92,0.5204,-7.17E-07,,1.89,0.5208,-1.27E-06,,1.136,0.5213,-1.10E-06,,0.568,0.5202,-2.31E-07,,0.1136,0.5202,1.97E-05
4.5750,0.1936,14.0,7203.00,6523,-5.70,6491,-648.3,,113.8,0.5101,-3.55E-08,,56.9,0.5101,-7.39E-08,,11.38,0.5102,-3.78E-07,,4.93,0.5104,-7.39E-07,,1.90,0.5108,-1.44E-06,,1.138,0.5113,-1.40E-06,,0.569,0.5102,-7.21E-07,,0.1138,0.5107,1.81E-05
5.0830,0.1936,16.0,5145.00,6636,-6.76,6590,-781.0,,114.0,0.5002,-3.63E-08,,57.0,0.5002,-7.53E-08,,11.40,0.5003,-3.84E-07,,4.94,0.5004,-7.56E-07,,1.90,0.5008,-1.59E-06,,1.140,0.5013,-1.67E-06,,0.570,0.5002,-1.17E-06,,0.1140,0.5007,1.65E-05
5.5920,0.1937,17.0,3773.00,6782,-7.94,6717,-936.3,,114.2,0.4901,-3.73E-08,,57.1,0.4901,-7.70E-08,,11.42,0.4902,-3.90E-07,,4.95,0.4904,-7.70E-07,,1.90,0.4908,-1.72E-06,,1.142,0.4913,-1.92E-06,,0.571,0.4901,-1.59E-06,,0.1142,0.4902,1.50E-05
6.1000,0.1937,19.0,2695.00,6946,-9.46,6852,-1141.0,,114.4,0.4801,-3.77E-08,,57.2,0.4801,-7.76E-08,,11.44,0.4802,-3.93E-07,,4.96,0.4804,-7.83E-07,,1.91,0.4807,-1.82E-06,,1.144,0.4813,-2.13E-06,,0.572,0.4801,-1.97E-06,,0.1144,0.4807,1.37E-05
6.6080,0.1937,20.0,1944.00,7171,-11.19,7035,-1391.0,,114.6,0.4701,-3.82E-08,,57.3,0.4701,-7.85E-08,,11.46,0.4702,-3.97E-07,,4.97,0.4703,-7.91E-07,,1.91,0.4707,-1.91E-06,,1.146,0.4713,-2.33E-06,,0.573,0.4701,-2.33E-06,,0.1146,0.4707,1.23E-05
7.1170,0.1937,21.0,1385.00,7468,-13.29,7268,-1716.0,,114.8,0.4601,-3.86E-08,,57.4,0.4601,-7.93E-08,,11.48,0.4602,-4.00E-07,,4.98,0.4604,-7.98E-07,,1.91,0.4608,-1.99E-06,,1.148,0.4613,-2.50E-06,,0.574,0.4601,-2.66E-06,,0.1148,0.4607,1.11E-05
7.6250,0.1937,23.0,1004.00,7748,-15.74,7457,-2102.0,,115.0,0.4501,-3.91E-08,,57.5,0.4501,-8.02E-08,,11.50,0.4502,-4.03E-07,,4.99,0.4504,-8.04E-07,,1.92,0.4508,-2.06E-06,,1.150,0.4513,-2.66E-06,,0.575,0.4501,-2.97E-06,,0.1150,0.4507,9.87E-06
8.1330,0.1937,24.0,713.30,8193,-18.65,7763,-2620.0,,115.2,0.4401,-3.95E-08,,57.6,0.4401,-8.09E-08,,11.52,0.4402,-4.06E-07,,5.00,0.4403,-8.10E-07,,1.92,0.4408,-2.12E-06,,1.152,0.4413,-2.81E-06,,0.576,0.4401,-3.26E-06,,0.1152,0.4402,8.67E-06
8.6420,0.1937,26.0,520.80,8753,-21.57,8140,-3218.0,,115.4,0.4301,-3.99E-08,,57.7,0.4301,-8.15E-08,,11.54,0.4302,-4.08E-07,,5.01,0.4304,-8.16E-07,,1.92,0.4308,-2.17E-06,,1.154,0.4312,-2.94E-06,,0.577,0.4301,-3.54E-06,,0.1154,0.4302,7.60E-06
9.1500,0.1937,27.0,372.00,9475,-25.11,8580,-4020.0,,115.6,0.4201,-4.02E-08,,57.8,0.4201,-8.21E-08,,11.56,0.4202,-4.11E-07,,5.02,0.4203,-8.21E-07,,1.93,0.4208,-2.21E-06,,1.156,0.4212,-3.06E-06,,0.578,0.4201,-3.80E-06,,0.1156,0.4202,6.57E-06
9.6580,0.1937,28.0,270.40,10400,-28.59,9132,-4976.0,,115.8,0.4101,-4.06E-08,,57.9,0.4101,-8.27E-08,,11.58,0.4102,-4.13E-07,,5.03,0.4104,-8.26E-07,,1.93,0.4108,-2.26E-06,,1.158,0.4112,-3.17E-06,,0.579,0.4101,-4.05E-06,,0.1158,0.4102,5.57E-06
10.1700,0.1937,29.0,192.60,11670,-32.39,9853,-6250.0,,116.0,0.4001,-4.08E-08,,58.0,0.4001,-8.33E-08,,11.60,0.4002,-4.15E-07,,5.04,0.4004,-8.30E-07,,1.93,0.4008,-2.29E-06,,1.160,0.4012,-3.27E-06,,0.580,0.4001,-4.29E-06,,0.1160,0.4002,4.60E-06
10.6800,0.1937,31.0,139.20,13210,-36.08,10680,-7782.0,,116.2,0.3901,-4.11E-08,,58.1,0.3901,-8.38E-08,,11.62,0.3902,-4.17E-07,,5.05,0.3904,-8.34E-07,,1.94,0.3907,-2.33E-06,,1.162,0.3912,-3.36E-06,,0.581,0.3901,-4.51E-06,,0.1162,0.3902,3.66E-06
11.1800,0.1937,32.0,99.73,15290,-39.73,11760,-9772.0,,116.4,0.3801,-4.13E-08,,58.2,0.3801,-8.42E-08,,11.64,0.3802,-4.19E-07,,5.06,0.3803,-8.38E-07,,1.94,0.3808,-2.36E-06,,1.164,0.3812,-3.45E-06,,0.582,0.3801,-4.72E-06,,0.1164,0.3802,2.76E-06
11.6900,0.1937,33.0,72.12,17840,-43.06,13040,-12180.0,,116.6,0.3701,-4.17E-08,,58.3,0.3701,-8.48E-08,,11.66,0.3702,-4.21E-07,,5.07,0.3703,-8.42E-07,,1.94,0.3708,-2.38E-06,,1.166,0.3712,-3.53E-06,,0.583,0.3701,-4.93E-06,,0.1166,0.3702,1.89E-06
12.2000,0.1938,35.0,49.87,21620,-46.47,14890,-15670.0,,116.8,0.3601,-4.19E-08,,58.4,0.3601,-8.52E-08,,11.68,0.3602,-4.23E-07,,5.08,0.3603,-8.46E-07,,1.95,0.3608,-2.41E-06,,1.168,0.3612,-3.60E-06,,0.584,0.3601,-5.12E-06,,0.1168,0.3607,1.05E-06
12.7100,0.1938,36.0,37.20,25410,-49.06,16650,-19190.0,,117.0,0.3501,-4.22E-08,,58.5,0.3501,-8.57E-08,,11.70,0.3502,-4.24E-07,,5.09,0.3504,-8.49E-07,,1.95,0.3508,-2.43E-06,,1.170,0.3512,-3.67E-06,,0.585,0.3501,-5.31E-06,,0.1170,0.3507,1.69E-07
13.2200,0.1938,37.0,27.25,30470,-51.49,18970,-23850.0,,117.2,0.3401,-4.24E-08,,58.6,0.3401,-8.61E-08,,11.72,0.3402,-4.26E-07,,5.10,0.3403,-8.53E-07,,1.95,0.3408,-2.45E-06,,1.172,0.3412,-3.74E-06,,0.586,0.3401,-5.49E-06,,0.1172,0.3402,-6.89E-07
13.7300,0.1938,39.0,19.53,37330,-53.76,22070,-30110.0,,117.4,0.3301,-4.26E-08,,58.7,0.3301,-8.65E-08,,11.74,0.3302,-4.28E-07,,5.11,0.3303,-8.57E-07,,1.96,0.3308,-2.47E-06,,1.174,0.3312,-3.80E-06,,0.587,0.3301,-5.66E-06,,0.1174,0.3302,-1.43E-06
14.2300,0.1938,40.0,13.95,46130,-55.75,25970,-38130.0,,117.6,0.3201,-4.29E-08,,58.8,0.3201,-8.70E-08,,11.76,0.3202,-4.30E-07,,5.12,0.3204,-8.61E-07,,1.96,0.3208,-2.49E-06,,1.176,0.3212,-3.85E-06,,0.588,0.3201,-5.83E-06,,0.1176,0.3202,-2.17E-06
14.7400,0.1938,42.0,9.91,57580,-57.51,30930,-48560.0,,117.8,0.3101,-4.31E-08,,58.9,0.3101,-8.74E-08,,11.78,0.3102,-4.31E-07,,5.13,0.3104,-8.64E-07,,1.96,0.3108,-2.51E-06,,1.178,0.3112,-3.91E-06,,0.589,0.3102,-5.99E-06,,0.1178,0.3102,-2.89E-06
15.2500,0.1938,44.0,7.15,71580,-58.99,36880,-61340.0,,118.0,0.3001,-4.33E-08,,59.0,0.3001,-8.78E-08,,11.80,0.3002,-4.33E-07,,5.14,0.3004,-8.67E-07,,1.97,0.3008,-2.53E-06,,1.180,0.3012,-3.95E-06,,0.590,0.3001,-6.15E-06,,0.1180,0.3002,-3.59E-06
15.7600,0.1938,46.0,5.20,88840,-60.09,44300,-77000.0,,118.2,0.2901,-4.37E-08,,59.1,0.2901,-8.86E-08,,11.82,0.2902,-4.36E-07,,5.15,0.2903,-8.73E-07,,1.97,0.2907,-2.55E-06,,1.182,0.2912,-4.01E-06,,0.591,0.2901,-6.31E-06,,0.1182,0.2902,-4.29E-06
16.2700,0.1938,48.0,3.69,112000,-60.92,54410,-97840.0,,118.4,0.2801,-4.38E-08,,59.2,0.2801,-8.86E-08,,11.84,0.2802,-4.36E-07,,5.16,0.2803,-8.75E-07,,1.97,0.2807,-2.56E-06,,1.184,0.2812,-4.05E-06,,0.592,0.2801,-6.45E-06,,0.1184,0.2802,-4.96E-06
16.7700,0.1938,50.0,2.66,138600,-61.75,65590,-122100.0,,118.6,0.2701,-4.40E-08,,59.3,0.2701,-8.90E-08,,11.86,0.2702,-4.38E-07,,5.17,0.2703,-8.78E-07,,1.98,0.2707,-2.57E-06,,1.186,0.2712,-4.09E-06,,0.593,0.2701,-6.59E-06,,0.1186,0.2701,-5.62E-06
17.2800,0.1938,54.0,1.95,168900,-63.16,76250,-150700.0,,118.8,0.2601,-4.42E-08,,59.4,0.2601,-8.94E-08,,11.88,0.2602,-4.39E-07,,5.18,0.2603,-8.81E-07,,1.98,0.2607,-2.59E-06,,1.188,0.2612,-4.13E-06,,0.594,0.2601,-6.73E-06,,0.1188,0.2601,-6.26E-06
17.7900,0.1938,57.0,1.40,210400,-65.84,86140,-192000.0,,119.0,0.2501,-4.44E-08,,59.5,0.2501,-8.96E-08,,11.90,0.2502,-4.40E-07,,5.19,0.2503,-8.84E-07,,1.98,0.2507,-2.60E-06,,1.190,0.2512,-4.16E-06,,0.595,0.2501,-6.86E-06,,0.1190,0.2502,-6.88E-06
18.3000,0.1938,62.0,1.00,266400,-69.43,93600,-249400.0,,119.2,0.2401,-4.46E-08,,59.6,0.2401,-9.01E-08,,11.92,0.2402,-4.42E-07,,5.20,0.2403,-8.87E-07,,1.99,0.2408,-2.61E-06,,1.192,0.2412,-4.20E-06,,0.596,0.2401,-6.99E-06,,0.1192,0.2401,-7.50E-06
18.8100,0.1939,67.0,0.72,344400,-73.26,99180,-329800.0,,119.4,0.2301,-4.49E-08,,59.7,0.2301,-9.06E-08,,11.94,0.2302,-4.44E-07,,5.21,0.2304,-8.90E-07,,1.99,0.2308,-2.62E-06,,1.194,0.2312,-4.23E-06,,0.597,0.2301,-7.12E-06,,0.1194,0.2307,-8.10E-06
19.3200,0.1939,74.0,0.52,458400,-76.91,103900,-446500.0,,119.6,0.2201,-4.51E-08,,59.8,0.2201,-9.09E-08,,11.96,0.2202,-4.45E-07,,5.22,0.2203,-8.93E-07,,1.99,0.2208,-2.64E-06,,1.196,0.2212,-4.26E-06,,0.598,0.2201,-7.24E-06,,0.1196,0.2207,-8.77E-06
19.8300,0.1939,83.0,0.37,618400,-79.92,108200,-608900.0,,119.8,0.2101,-4.53E-08,,59.9,0.2101,-9.13E-08,,11.98,0.2102,-4.47E-07,,5.23,0.2103,-8.96E-07,,2.00,0.2108,-2.65E-06,,1.198,0.2112,-4.29E-06,,0.599,0.2101,-7.36E-06,,0.1198,0.2107,-9.41E-06
20.3300,0.1939,95.0,0.27,842900,-82.30,113000,-835300.0,,120.0,0.2001,-4.55E-08,,60.0,0.2001,-9.17E-08,,12.00,0.2002,-4.48E-07,,5.24,0.2003,-9.00E-07,,2.00,0.2008,-2.66E-06,,1.200,0.2012,-4.32E-06,,0.600,0.2001,-7.47E-06,,0.1200,0.2002,-1.00E-05
20.8400,0.1939,111.0,0.19,1159000,-84.13,118500,-1153000.0,,120.2,0.1901,-4.57E-08,,60.1,0.1901,-9.20E-08,,12.02,0.1902,-4.50E-07,,5.25,0.1903,-9.03E-07,,2.00,0.1908,-2.67E-06,,1.202,0.1912,-4.34E-06,,0.601,0.1901,-7.58E-06,,0.1202,0.1907,-1.06E-05
21.3500,0.1939,133.0,0.14,1597000,-85.50,125300,-1593000.0,,120.4,0.1801,-4.59E-08,,60.2,0.1801,-9.24E-08,,12.04,0.1802,-4.51E-07,,5.26,0.1804,-9.06E-07,,2.01,0.1808,-2.69E-06,,1.204,0.1812,-4.37E-06,,0.602,0.1801,-7.68E-06,,0.1204,0.1807,-1.12E-05
21.8600,0.1939,163.0,0.10,2205000,-86.51,134400,-2200000.0,,120.6,0.1701,-4.61E-08,,60.3,0.1701,-9.28E-08,,12.06,0.1702,-4.53E-07,,5.27,0.1703,-9.09E-07,,2.01,0.1708,-2.70E-06,,1.206,0.1712,-4.39E-06,,0.603,0.1701,-7.78E-06,,0.1206,0.1707,-1.17E-05
22.3700,0.1939,,,,,,,,120.8,0.1601,-4.64E-08,,60.4,0.1601,-9.33E-08,,12.08,0.1602,-4.54E-07,,5.28,0.1603,-9.12E-07,,2.01,0.1608,-2.70E-06,,1.208,0.1612,-4.41E-06,,0.604,0.1601,-7.88E-06,,0.1208,0.1607,-1.23E-05
22.8800,0.1939,,,,,,,,121.0,0.1501,-4.66E-08,,60.5,0.1501,-9.36E-08,,12.10,0.1502,-4.56E-07,,5.29,0.1503,-9.15E-07,,2.02,0.1508,-2.71E-06,,1.210,0.1512,-4.43E-06,,0.605,0.1501,-7.97E-06,,0.1210,0.1502,-1.29E-05
23.3800,0.1939,,,,,,,,121.2,0.1401,-4.68E-08,,60.6,0.1401,-9.40E-08,,12.12,0.1402,-4.57E-07,,5.30,0.1403,-9.18E-07,,2.02,0.1408,-2.72E-06,,1.212,0.1412,-4.45E-06,,0.606,0.1401,-8.07E-06,,0.1212,0.1407,-1.33E-05
23.8900,0.1939,,,,,,,,121.4,0.1301,-4.70E-08,,60.7,0.1301,-9.44E-08,,12.14,0.1302,-4.59E-07,,5.31,0.1304,-9.21E-07,,2.02,0.1308,-2.73E-06,,1.214,0.1312,-4.47E-06,,0.607,0.1301,-8.15E-06,,0.1214,0.1307,-1.39E-05
24.4000,0.1939,,,,,,,,121.6,0.1201,-4.72E-08,,60.8,0.1201,-9.47E-08,,12.16,0.1202,-4.60E-07,,5.32,0.1204,-9.25E-07,,2.03,0.1208,-2.74E-06,,1.216,0.1212,-4.49E-06,,0.608,0.1201,-8.23E-06,,0.1216,0.1207,-1.44E-05
24.9100,0.1940,,,,,,,,121.8,0.1101,-4.75E-08,,60.9,0.1101,-9.50E-08,,12.18,0.1102,-4.61E-07,,5.33,0.1104,-9.28E-07,,2.03,0.1108,-2.75E-06,,1.218,0.1112,-4.51E-06,,0.609,0.1101,-8.31E-06,,0.1218,0.1107,-1.50E-05
25.4200,0.1940,,,,,,,,122.0,0.1001,-4.79E-08,,61.0,0.1001,-9.58E-08,,12.20,0.1002,-4.64E-07,,5.34,0.1003,-9.31E-07,,2.03,0.1007,-2.76E-06,,1.220,0.1012,-4.53E-06,,0.610,0.1001,-8.40E-06,,0.1220,0.1001,-1.55E-05
25.9200,0.1940,,,,,,,,122.2,0.0901,-4.79E-08,,61.1,0.0901,-9.58E-08,,12.22,0.0902,-4.65E-07,,5.35,0.0903,-9.37E-07,,2.04,0.0907,-2.77E-06,,1.222,0.0912,-4.55E-06,,0.611,0.0901,-8.47E-06,,0.1222,0.0901,-1.59E-05
26.4300,0.1940,,,,,,,,122.4,0.0801,-4.81E-08,,61.2,0.0801,-9.61E-08,,12.24,0.0802,-4.66E-07,,5.36,0.0803,-9.38E-07,,2.04,0.0807,-2.78E-06,,1.224,0.0812,-4.56E-06,,0.612,0.0801,-8.54E-06,,0.1224,0.0802,-1.63E-05
26.9400,0.1940,,,,,,,,122.6,0.0701,-4.83E-08,,61.3,0.0701,-9.65E-08,,12.26,0.0702,-4.67E-07,,5.37,0.0703,-9.40E-07,,2.04,0.0707,-2.79E-06,,1.226,0.0712,-4.58E-06,,0.613,0.0701,-8.60E-06,,0.1226,0.0707,-1.68E-05
27.4500,0.1940,,,,,,,,122.8,0.0601,-4.86E-08,,61.4,0.0601,-9.68E-08,,12.28,0.0602,-4.68E-07,,5.38,0.0603,-9.43E-07,,2.05,0.0607,-2.79E-06,,1.228,0.0612,-4.59E-06,,0.614,0.0601,-8.66E-06,,0.1228,0.0606,-1.73E-05
27.9600,0.1940,,,,,,,,123.0,0.0501,-4.87E-08,,61.5,0.0501,-9.71E-08,,12.30,0.0502,-4.69E-07,,5.39,0.0503,-9.47E-07,,2.05,0.0507,-2.80E-06,,1.230,0.0512,-4.61E-06,,0.615,0.0501,-8.72E-06,,0.1230,0.0501,-1.78E-05
28.4700,0.1940,,,,,,,,123.2,0.0401,-4.90E-08,,61.6,0.0401,-9.75E-08,,12.32,0.0402,-4.71E-07,,5.40,0.0403,-9.49E-07,,2.05,0.0407,-2.81E-06,,1.232,0.0412,-4.62E-06,,0.616,0.0401,-8.78E-06,,0.1232,0.0407,-1.82E-05
28.9800,0.1940,,,,,,,,123.4,0.0301,-4.93E-08,,61.7,0.0301,-9.79E-08,,12.34,0.0302,-4.72E-07,,5.41,0.0303,-9.52E-07,,2.06,0.0307,-2.82E-06,,1.234,0.0312,-4.64E-06,,0.617,0.0301,-8.83E-06,,0.1234,0.0307,-1.87E-05
29.4800,0.1940,,,,,,,,123.6,0.0201,-4.95E-08,,61.8,0.0201,-9.82E-08,,12.36,0.0202,-4.74E-07,,5.42,0.0203,-9.55E-07,,2.06,0.0207,-2.83E-06,,1.236,0.0212,-4.65E-06,,0.618,0.0201,-8.89E-06,,0.1236,0.0207,-1.92E-05
29.9900,0.1940,,,,,,,,123.8,0.0101,-4.97E-08,,61.9,0.0101,-9.86E-08,,12.38,0.0102,-4.75E-07,,5.43,0.0103,-9.59E-07,,2.06,0.0107,-2.84E-06,,1.238,0.0112,-4.66E-06,,0.619,0.0101,-8.94E-06,,0.1238,0.0101,-1.97E-05
30.5000,0.1940,,,,,,,,124.0,0.0001,-5.00E-08,,62.0,0.0001,-9.90E-08,,12.40,0.0002,-4.76E-07,,5.44,0.0003,-9.62E-07,,2.07,0.0007,-2.85E-06,,1.240,0.0012,-4.68E-06,,0.620,0.0001,-8.98E-06,,0.1240,0.0002,-2.00E-05
31.0100,0.1940,,,,,,,,124.2,-0.0099,-5.02E-08,,62.1,-0.0099,-9.93E-08,,12.42,-0.0098,-4.78E-07,,5.45,-0.0097,-9.64E-07,,2.07,-0.0093,-2.85E-06,,1.242,-0.0088,-4.69E-06,,0.621,-0.0099,-9.03E-06,,0.1242,-0.0099,-2.04E-05
31.5200,0.1941,,,,,,,,124.4,-0.0199,-5.05E-08,,62.2,-0.0199,-9.97E-08,,12.44,-0.0198,-4.79E-07,,5.46,-0.0197,-9.68E-07,,2.07,-0.0193,-2.86E-06,,1.244,-0.0188,-4.71E-06,,0.622,-0.0198,-9.09E-06,,0.1244,-0.0198,-2.08E-05
32.0300,0.1941,,,,,,,,124.6,-0.0299,-5.07E-08,,62.3,-0.0299,-1.00E-07,,12.46,-0.0298,-4.80E-07,,5.47,-0.0297,-9.71E-07,,2.08,-0.0293,-2.87E-06,,1.246,-0.0288,-4.72E-06,,0.623,-0.0298,-9.14E-06,,0.1246,-0.0293,-2.12E-05
32.5300,0.1941,,,,,,,,124.8,-0.0399,-5.09E-08,,62.4,-0.0399,-1.00E-07,,12.48,-0.0398,-4.81E-07,,5.48,-0.0397,-9.74E-07,,2.08,-0.0393,-2.88E-06,,1.248,-0.0388,-4.73E-06,,0.624,-0.0398,-9.20E-06,,0.1248,-0.0399,-2.17E-05
33.0400,0.1941,,,,,,,,125.0,-0.0499,-5.12E-08,,62.5,-0.0499,-1.01E-07,,12.50,-0.0498,-4.83E-07,,5.49,-0.0497,-9.77E-07,,2.08,-0.0493,-2.89E-06,,1.250,-0.0488,-4.75E-06,,0.625,-0.0498,-9.25E-06,,0.1250,-0.0494,-2.21E-05
33.5500,0.1941,,,,,,,,125.2,-0.0599,-5.14E-08,,62.6,-0.0599,-1.01E-07,,12.52,-0.0598,-4.84E-07,,5.50,-0.0597,-9.79E-07,,2.09,-0.0593,-2.90E-06,,1.252,-0.0588,-4.76E-06,,0.626,-0.0598,-9.29E-06,,0.1252,-0.0594,-2.26E-05
34.0600,0.1941,,,,,,,,125.4,-0.0699,-5.17E-08,,62.7,-0.0699,-1.02E-07,,12.54,-0.0698,-4.85E-07,,5.51,-0.0697,-9.83E-07,,2.09,-0.0693,-2.90E-06,,1.254,-0.0688,-4.77E-06,,0.627,-0.0698,-9.34E-06,,0.1254,-0.0693,-2.31E-05
34.5700,0.1941,,,,,,,,125.6,-0.0799,-5.20E-08,,62.8,-0.0799,-1.02E-07,,12.56,-0.0798,-4.86E-07,,5.52,-0.0797,-9.86E-07,,2.09,-0.0793,-2.91E-06,,1.256,-0.0788,-4.79E-06,,0.628,-0.0798,-9.38E-06,,0.1256,-0.0794,-2.35E-05
35.0800,0.1941,,,,,,,,125.8,-0.0899,-5.22E-08,,62.9,-0.0899,-1.02E-07,,12.58,-0.0898,-4.88E-07,,5.53,-0.0897,-9.88E-07,,2.10,-0.0893,-2.92E-06,,1.258,-0.0887,-4.80E-06,,0.629,-0.0898,-9.42E-06,,0.1258,-0.0898,-2.39E-05
35.5800,0.1941,,,,,,,,126.0,-0.1000,-5.27E-08,,63.0,-0.0999,-1.03E-07,,12.60,-0.0999,-4.90E-07,,5.54,-0.0997,-9.90E-07,,2.10,-0.0993,-2.93E-06,,1.260,-0.0988,-4.82E-06,,0.630,-0.0999,-9.46E-06,,0.1260,-0.0994,-2.43E-05
36.0900,0.1941,,,,,,,,126.2,-0.1100,-5.28E-08,,63.1,-0.1100,-1.03E-07,,12.62,-0.1098,-4.90E-07,,5.55,-0.1097,-9.96E-07,,2.10,-0.1093,-2.94E-06,,1.262,-0.1088,-4.84E-06,,0.631,-0.1099,-9.49E-06,,0.1262,-0.1094,-2.47E-05
36.6000,0.1941,,,,,,,,126.4,-0.1199,-5.30E-08,,63.2,-0.1199,-1.03E-07,,12.64,-0.1198,-4.91E-07,,5.56,-0.1197,-9.96E-07,,2.11,-0.1193,-2.94E-06,,1.264,-0.1188,-4.85E-06,,0.632,-0.1199,-9.53E-06,,0.1264,-0.1194,-2.52E-05
37.1100,0.1941,,,,,,,,126.6,-0.1299,-5.33E-08,,63.3,-0.1299,-1.04E-07,,12.66,-0.1298,-4.92E-07,,5.57,-0.1297,-9.98E-07,,2.11,-0.1293,-2.95E-06,,1.266,-0.1288,-4.87E-06,,0.633,-0.1298,-9.56E-06,,0.1266,-0.1294,-2.56E-05
37.6200,0.1941,,,,,,,,126.8,-0.1399,-5.36E-08,,63.4,-0.1399,-1.04E-07,,12.68,-0.1398,-4.93E-07,,5.58,-0.1397,-1.00E-06,,2.11,-0.1392,-2.95E-06,,1.268,-0.1388,-4.88E-06,,0.634,-0.1399,-9.59E-06,,0.1268,-0.1399,-2.60E-05
38.1300,0.1942,,,,,,,,127.0,-0.1499,-5.39E-08,,63.5,-0.1499,-1.05E-07,,12.70,-0.1498,-4.94E-07,,5.59,-0.1497,-1.00E-06,,2.12,-0.1493,-2.96E-06,,1.270,-0.1487,-4.89E-06,,0.635,-0.1499,-9.62E-06,,0.1270,-0.1499,-2.63E-05
38.6300,0.1942,,,,,,,,127.2,-0.1599,-5.43E-08,,63.6,-0.1599,-1.05E-07,,12.72,-0.1598,-4.95E-07,,5.60,-0.1597,-1.00E-06,,2.12,-0.1593,-2.97E-06,,1.272,-0.1587,-4.90E-06,,0.636,-0.1599,-9.65E-06,,0.1272,-0.1599,-2.66E-05
39.1400,0.1942,,,,,,,,127.4,-0.1699,-5.46E-08,,63.7,-0.1699,-1.05E-07,,12.74,-0.1698,-4.96E-07,,5.61,-0.1697,-1.01E-06,,2.12,-0.1692,-2.98E-06,,1.274,-0.1687,-4.91E-06,,0.637,-0.1698,-9.67E-06,,0.1274,-0.1694,-2.70E-05
39.6500,0.1942,,,,,,,,127.6,-0.1800,-5.49E-08,,63.8,-0.1799,-1.06E-07,,12.76,-0.1798,-4.96E-07,,5.62,-0.1797,-1.01E-06,,2.13,-0.1793,-2.98E-06,,1.276,-0.1788,-4.92E-06,,0.638,-0.1799,-9.70E-06,,0.1276,-0.1794,-2.74E-05
40.1600,0.1942,,,,,,,,127.8,-0.1899,-5.53E-08,,63.9,-0.1899,-1.06E-07,,12.78,-0.1898,-4.97E-07,,5.63,-0.1897,-1.01E-06,,2.13,-0.1893,-2.99E-06,,1.278,-0.1888,-4.92E-06,,0.639,-0.1898,-9.72E-06,,0.1278,-0.1899,-2.78E-05
40.6700,0.1942,,,,,,,,128.0,-0.1999,-5.57E-08,,64.0,-0.1999,-1.06E-07,,12.80,-0.1998,-4.98E-07,,5.64,-0.1997,-1.01E-06,,2.13,-0.1993,-2.99E-06,,1.280,-0.1988,-4.92E-06,,0.640,-0.1999,-9.74E-06,,0.1280,-0.1993,-2.81E-05
41.1700,0.1942,,,,,,,,128.2,-0.2099,-5.60E-08,,64.1,-0.2099,-1.07E-07,,12.82,-0.2098,-4.98E-07,,5.65,-0.2097,-1.01E-06,,2.14,-0.2093,-2.99E-06,,1.282,-0.2088,-4.92E-06,,0.641,-0.2098,-9.76E-06,,0.1282,-0.2094,-2.86E-05
41.6800,0.1942,,,,,,,,128.4,-0.2199,-5.65E-08,,64.2,-0.2199,-1.07E-07,,12.84,-0.2198,-4.99E-07,,5.66,-0.2197,-1.01E-06,,2.14,-0.2193,-2.99E-06,,1.284,-0.2188,-4.92E-06,,0.642,-0.2199,-9.76E-06,,0.1284,-0.2194,-2.90E-05
42.1900,0.1942,,,,,,,,128.6,-0.2299,-5.69E-08,,64.3,-0.2299,-1.08E-07,,12.86,-0.2298,-4.99E-07,,5.67,-0.2297,-1.01E-06,,2.14,-0.2293,-2.99E-06,,1.286,-0.2288,-4.92E-06,,0.643,-0.2299,-9.76E-06,,0.1286,-0.2293,-2.93E-05
42.7000,0.1942,,,,,,,,128.8,-0.2399,-5.74E-08,,64.4,-0.2399,-1.08E-07,,12.88,-0.2398,-5.00E-07,,5.68,-0.2397,-1.01E-06,,2.15,-0.2393,-2.99E-06,,1.288,-0.2388,-4.92E-06,,0.644,-0.2399,-9.75E-06,,0.1288,-0.2398,-2.97E-05
43.2100,0.1942,,,,,,,,129.0,-0.2499,-5.79E-08,,64.5,-0.2499,-1.09E-07,,12.90,-0.2498,-5.01E-07,,5.69,-0.2497,-1.01E-06,,2.15,-0.2493,-2.99E-06,,1.290,-0.2488,-4.92E-06,,0.645,-0.2499,-9.75E-06,,0.1290,-0.2498,-2.99E-05
43.7200,0.1942,,,,,,,,129.2,-0.2599,-5.85E-08,,64.6,-0.2599,-1.09E-07,,12.92,-0.2598,-5.01E-07,,5.70,-0.2597,-1.01E-06,,2.15,-0.2593,-2.98E-06,,1.292,-0.2588,-4.91E-06,,0.646,-0.2599,-9.75E-06,,0.1292,-0.2594,-3.03E-05
44.2200,0.1943,,,,,,,,129.4,-0.2699,-5.91E-08,,64.7,-0.2699,-1.10E-07,,12.94,-0.2698,-5.02E-07,,5.71,-0.2697,-1.01E-06,,2.16,-0.2693,-2.98E-06,,1.294,-0.2688,-4.91E-06,,0.647,-0.2699,-9.74E-06,,0.1294,-0.2694,-3.06E-05
44.7300,0.1943,,,,,,,,129.6,-0.2799,-5.98E-08,,64.8,-0.2799,-1.11E-07,,12.96,-0.2798,-5.03E-07,,5.72,-0.2797,-1.01E-06,,2.16,-0.2793,-2.98E-06,,1.296,-0.2788,-4.91E-06,,0.648,-0.2799,-9.73E-06,,0.1296,-0.2794,-3.10E-05
45.2400,0.1943,,,,,,,,129.8,-0.2899,-6.04E-08,,64.9,-0.2899,-1.11E-07,,12.98,-0.2898,-5.03E-07,,5.73,-0.2897,-1.01E-06,,2.16,-0.2893,-2.97E-06,,1.298,-0.2888,-4.90E-06,,0.649,-0.2899,-9.73E-06,,0.1298,-0.2899,-3.13E-05
45.7500,0.1943,,,,,,,,130.0,-0.3000,-6.14E-08,,65.0,-0.2999,-1.12E-07,,13.00,-0.2999,-5.05E-07,,5.74,-0.2997,-1.02E-06,,2.17,-0.2993,-2.98E-06,,1.300,-0.2988,-4.90E-06,,0.650,-0.3000,-9.72E-06,,0.1300,-0.2999,-3.15E-05
46.2600,0.1943,,,,,,,,130.2,-0.3100,-6.20E-08,,65.1,-0.3100,-1.13E-07,,13.02,-0.3099,-5.05E-07,,5.75,-0.3097,-1.01E-06,,2.17,-0.3093,-2.97E-06,,1.302,-0.3088,-4.89E-06,,0.651,-0.3100,-9.71E-06,,0.1302,-0.3099,-3.18E-05
46.7700,0.1943,,,,,,,,130.4,-0.3200,-6.28E-08,,65.2,-0.3199,-1.13E-07,,13.04,-0.3198,-5.06E-07,,5.76,-0.3197,-1.01E-06,,2.17,-0.3193,-2.96E-06,,1.304,-0.3188,-4.88E-06,,0.652,-0.3199,-9.69E-06,,0.1304,-0.3194,-3.20E-05
47.2800,0.1943,,,,,,,,130.6,-0.3299,-6.36E-08,,65.3,-0.3300,-1.14E-07,,13.06,-0.3298,-5.07E-07,,5.77,-0.3297,-1.01E-06,,2.18,-0.3293,-2.96E-06,,1.306,-0.3288,-4.86E-06,,0.653,-0.3300,-9.67E-06,,0.1306,-0.3294,-3.24E-05
47.7800,0.1943,,,,,,,,130.8,-0.3400,-6.44E-08,,65.4,-0.3400,-1.15E-07,,13.08,-0.3399,-5.08E-07,,5.78,-0.3397,-1.01E-06,,2.18,-0.3393,-2.95E-06,,1.308,-0.3389,-4.85E-06,,0.654,-0.3400,-9.65E-06,,0.1308,-0.3399,-3.27E-05
48.2900,0.1943,,,,,,,,131.0,-0.3500,-6.52E-08,,65.5,-0.3500,-1.16E-07,,13.10,-0.3498,-5.09E-07,,5.79,-0.3497,-1.01E-06,,2.18,-0.3493,-2.94E-06,,1.310,-0.3488,-4.83E-06,,0.655,-0.3500,-9.63E-06,,0.1310,-0.3499,-3.29E-05
48.8000,0.1943,,,,,,,,131.2,-0.3599,-6.59E-08,,65.6,-0.3599,-1.17E-07,,13.12,-0.3598,-5.10E-07,,5.80,-0.3597,-1.01E-06,,2.19,-0.3593,-2.93E-06,,1.312,-0.3588,-4.81E-06,,0.656,-0.3600,-9.60E-06,,0.1312,-0.3599,-3.31E-05
49.3100,0.1943,,,,,,,,131.4,-0.3699,-6.66E-08,,65.7,-0.3699,-1.18E-07,,13.14,-0.3698,-5.12E-07,,5.81,-0.3697,-1.01E-06,,2.19,-0.3693,-2.93E-06,,1.314,-0.3688,-4.80E-06,,0.657,-0.3699,-9.56E-06,,0.1314,-0.3693,-3.32E-05
49.8200,0.1943,,,,,,,,131.6,-0.3799,-6.74E-08,,65.8,-0.3799,-1.18E-07,,13.16,-0.3798,-5.13E-07,,5.82,-0.3797,-1.01E-06,,2.19,-0.3793,-2.92E-06,,1.316,-0.3788,-4.78E-06,,0.658,-0.3799,-9.53E-06,,0.1316,-0.3799,-3.35E-05
50.3300,0.1943,,,,,,,,131.8,-0.3899,-6.80E-08,,65.9,-0.3899,-1.19E-07,,13.18,-0.3898,-5.15E-07,,5.83,-0.3897,-1.01E-06,,2.20,-0.3893,-2.91E-06,,1.318,-0.3888,-4.76E-06,,0.659,-0.3899,-9.49E-06,,0.1318,-0.3899,-3.36E-05
50.8300,0.1943,,,,,,,,132.0,-0.3999,-6.86E-08,,66.0,-0.3999,-1.20E-07,,13.20,-0.3998,-5.16E-07,,5.84,-0.3997,-1.01E-06,,2.20,-0.3993,-2.90E-06,,1.320,-0.3988,-4.73E-06,,0.660,-0.3999,-9.44E-06,,0.1320,-0.3999,-3.38E-05
51.3400,0.1944,,,,,,,,132.2,-0.4099,-6.91E-08,,66.1,-0.4099,-1.21E-07,,13.22,-0.4098,-5.18E-07,,5.85,-0.4097,-1.01E-06,,2.20,-0.4093,-2.88E-06,,1.322,-0.4088,-4.71E-06,,0.661,-0.4099,-9.39E-06,,0.1322,-0.4099,-3.40E-05
51.8500,0.1944,,,,,,,,132.4,-0.4199,-6.97E-08,,66.2,-0.4199,-1.21E-07,,13.24,-0.4198,-5.20E-07,,5.86,-0.4197,-1.01E-06,,2.21,-0.4193,-2.87E-06,,1.324,-0.4188,-4.68E-06,,0.662,-0.4200,-9.34E-06,,0.1324,-0.4194,-3.42E-05
52.3600,0.1944,,,,,,,,132.6,-0.4299,-7.02E-08,,66.3,-0.4299,-1.22E-07,,13.26,-0.4298,-5.22E-07,,5.87,-0.4297,-1.01E-06,,2.21,-0.4293,-2.86E-06,,1.326,-0.4288,-4.65E-06,,0.663,-0.4299,-9.28E-06,,0.1326,-0.4299,-3.45E-05
52.8700,0.1944,,,,,,,,132.8,-0.4399,-7.07E-08,,66.4,-0.4399,-1.23E-07,,13.28,-0.4398,-5.24E-07,,5.88,-0.4397,-1.00E-06,,2.21,-0.4393,-2.84E-06,,1.328,-0.4388,-4.62E-06,,0.664,-0.4400,-9.21E-06,,0.1328,-0.4399,-3.46E-05
53.3800,0.1944,,,,,,,,133.0,-0.4499,-7.11E-08,,66.5,-0.4499,-1.23E-07,,13.30,-0.4498,-5.26E-07,,5.89,-0.4497,-1.00E-06,,2.22,-0.4493,-2.82E-06,,1.330,-0.4488,-4.58E-06,,0.665,-0.4499,-9.14E-06,,0.1330,-0.4499,-3.47E-05
53.8800,0.1944,,,,,,,,133.2,-0.4599,-7.17E-08,,66.6,-0.4599,-1.24E-07,,13.32,-0.4598,-5.27E-07,,5.90,-0.4597,-1.00E-06,,2.22,-0.4593,-2.80E-06,,1.332,-0.4588,-4.54E-06,,0.666,-0.4599,-9.05E-06,,0.1332,-0.4594,-3.48E-05
54.3900,0.1944,,,,,,,,133.4,-0.4699,-7.21E-08,,66.7,-0.4699,-1.24E-07,,13.34,-0.4698,-5.28E-07,,5.91,-0.4697,-9.98E-07,,2.22,-0.4693,-2.78E-06,,1.334,-0.4688,-4.49E-06,,0.667,-0.4699,-8.96E-06,,0.1334,-0.4699,-3.49E-05
54.9000,0.1944,,,,,,,,133.6,-0.4799,-7.26E-08,,66.8,-0.4799,-1.25E-07,,13.36,-0.4798,-5.28E-07,,5.92,-0.4797,-9.97E-07,,2.23,-0.4793,-2.76E-06,,1.336,-0.4788,-4.45E-06,,0.668,-0.4799,-8.86E-06,,0.1336,-0.4799,-3.50E-05
55.4100,0.1944,,,,,,,,133.8,-0.4900,-7.32E-08,,66.9,-0.4900,-1.26E-07,,13.38,-0.4899,-5.30E-07,,5.93,-0.4897,-9.95E-07,,2.23,-0.4893,-2.73E-06,,1.338,-0.4888,-4.40E-06,,0.669,-0.4899,-8.75E-06,,0.1338,-0.4899,-3.51E-05
55.9200,0.1944,,,,,,,,134.0,-0.5000,-7.34E-08,,67.0,-0.5000,-1.26E-07,,13.40,-0.4999,-5.28E-07,,5.94,-0.4997,-9.93E-07,,2.23,-0.4993,-2.71E-06,,1.340,-0.4989,-4.34E-06,,0.670,-0.5000,-8.64E-06,,0.1340,-0.4994,-3.51E-05
56.4200,0.1944,,,,,,,,134.2,-0.5100,-7.38E-08,,67.1,-0.5100,-1.27E-07,,13.42,-0.5099,-5.27E-07,,5.95,-0.5097,-9.86E-07,,2.24,-0.5093,-2.67E-06,,1.342,-0.5089,-4.27E-06,,0.671,-0.5100,-8.52E-06,,0.1342,-0.5094,-3.53E-05
56.9300,0.1944,,,,,,,,134.4,-0.5200,-7.41E-08,,67.2,-0.5200,-1.27E-07,,13.44,-0.5199,-5.24E-07,,5.96,-0.5197,-9.80E-07,,2.24,-0.5193,-2.64E-06,,1.344,-0.5189,-4.20E-06,,0.672,-0.5200,-8.38E-06,,0.1344,-0.5194,-3.54E-05
57.4400,0.1944,,,,,,,,134.6,-0.5300,-7.44E-08,,67.3,-0.5300,-1.27E-07,,13.46,-0.5299,-5.22E-07,,5.97,-0.5297,-9.72E-07,,2.24,-0.5293,-2.60E-06,,1.346,-0.5289,-4.12E-06,,0.673,-0.5300,-8.23E-06,,0.1346,-0.5299,-3.55E-05
57.9500,0.1945,,,,,,,,134.8,-0.5400,-7.47E-08,,67.4,-0.5400,-1.28E-07,,13.48,-0.5399,-5.20E-07,,5.98,-0.5397,-9.65E-07,,2.25,-0.5393,-2.56E-06,,1.348,-0.5389,-4.03E-06,,0.674,-0.5400,-8.07E-06,,0.1348,-0.5394,-3.55E-05
58.4600,0.1945,,,,,,,,135.0,-0.5500,-7.51E-08,,67.5,-0.5499,-1.28E-07,,13.50,-0.5499,-5.16E-07,,5.99,-0.5497,-9.56E-07,,2.25,-0.5492,-2.52E-06,,1.350,-0.5489,-3.95E-06,,0.675,-0.5500,-7.89E-06,,0.1350,-0.5499,-3.55E-05
58.9700,0.1945,,,,,,,,135.2,-0.5599,-7.52E-08,,67.6,-0.5599,-1.28E-07,,13.52,-0.5599,-5.12E-07,,6.00,-0.5597,-9.44E-07,,2.25,-0.5593,-2.46E-06,,1.352,-0.5588,-3.87E-06,,0.676,-0.5599,-7.70E-06,,0.1352,-0.5594,-3.53E-05
59.4700,0.1945,,,,,,,,135.4,-0.5700,-7.53E-08,,67.7,-0.5699,-1.29E-07,,13.54,-0.5699,-5.07E-07,,6.01,-0.5697,-9.31E-07,,2.26,-0.5693,-2.40E-06,,1.354,-0.5689,-3.76E-06,,0.677,-0.5700,-7.50E-06,,0.1354,-0.5694,-3.53E-05
59.9800,0.1945,,,,,,,,135.6,-0.5799,-7.53E-08,,67.8,-0.5800,-1.29E-07,,13.56,-0.5799,-5.00E-07,,6.02,-0.5797,-9.17E-07,,2.26,-0.5793,-2.34E-06,,1.356,-0.5788,-3.65E-06,,0.678,-0.5800,-7.27E-06,,0.1356,-0.5799,-3.52E-05
,,,,,,,,,135.8,-0.5900,-7.53E-08,,67.9,-0.5900,-1.28E-07,,13.58,-0.5898,-4.92E-07,,6.03,-0.5897,-8.99E-07,,2.26,-0.5893,-2.28E-06,,1.358,-0.5889,-3.56E-06,,0.679,-0.5900,-7.07E-06,,0.1358,-0.5899,-3.51E-05
,,,,,,,,,136.0,-0.6000,-7.52E-08,,68.0,-0.6000,-1.28E-07,,13.60,-0.5998,-4.84E-07,,6.04,-0.5997,-8.80E-07,,2.27,-0.5993,-2.21E-06,,1.360,-0.5988,-3.45E-06,,0.680,-0.6000,-6.84E-06,,0.1360,-0.5999,-3.48E-05
,,,,,,,,,136.2,-0.6099,-7.49E-08,,68.1,-0.6099,-1.27E-07,,13.62,-0.6098,-4.73E-07,,6.05,-0.6097,-8.59E-07,,2.27,-0.6093,-2.14E-06,,1.362,-0.6089,-3.34E-06,,0.681,-0.6100,-6.61E-06,,0.1362,-0.6094,-3.45E-05
,,,,,,,,,136.4,-0.6199,-7.45E-08,,68.2,-0.6199,-1.26E-07,,13.64,-0.6198,-4.63E-07,,6.06,-0.6197,-8.37E-07,,2.27,-0.6193,-2.07E-06,,1.364,-0.6188,-3.22E-06,,0.682,-0.6199,-6.37E-06,,0.1364,-0.6199,-3.44E-05
,,,,,,,,,136.6,-0.6299,-7.39E-08,,68.3,-0.6299,-1.25E-07,,13.66,-0.6298,-4.50E-07,,6.07,-0.6297,-8.12E-07,,2.28,-0.6293,-2.00E-06,,1.366,-0.6288,-3.11E-06,,0.683,-0.6299,-6.13E-06,,0.1366,-0.6294,-3.40E-05
,,,,,,,,,136.8,-0.6399,-7.33E-08,,68.4,-0.6399,-1.24E-07,,13.68,-0.6398,-4.37E-07,,6.08,-0.6397,-7.87E-07,,2.28,-0.6393,-1.92E-06,,1.368,-0.6388,-2.98E-06,,0.684,-0.6399,-5.89E-06,,0.1368,-0.6399,-3.38E-05
,,,,,,,,,137.0,-0.6499,-7.24E-08,,68.5,-0.6499,-1.22E-07,,13.70,-0.6498,-4.22E-07,,6.09,-0.6497,-7.60E-07,,2.28,-0.6493,-1.84E-06,,1.370,-0.6488,-2.85E-06,,0.685,-0.6499,-5.64E-06,,0.1370,-0.6499,-3.33E-05
,,,,,,,,,137.2,-0.6599,-7.12E-08,,68.6,-0.6599,-1.20E-07,,13.72,-0.6598,-4.06E-07,,6.10,-0.6597,-7.31E-07,,2.29,-0.6593,-1.77E-06,,1.372,-0.6588,-2.72E-06,,0.686,-0.6599,-5.38E-06,,0.1372,-0.6599,-3.30E-05
,,,,,,,,,137.4,-0.6699,-7.01E-08,,68.7,-0.6699,-1.17E-07,,13.74,-0.6698,-3.91E-07,,6.11,-0.6697,-7.03E-07,,2.29,-0.6693,-1.69E-06,,1.374,-0.6688,-2.61E-06,,0.687,-0.6700,-5.15E-06,,0.1374,-0.6699,-3.26E-05
,,,,,,,,,137.6,-0.6799,-6.91E-08,,68.8,-0.6799,-1.15E-07,,13.76,-0.6798,-3.76E-07,,6.12,-0.6797,-6.74E-07,,2.29,-0.6793,-1.62E-06,,1.376,-0.6788,-2.50E-06,,0.688,-0.6799,-4.93E-06,,0.1376,-0.6799,-3.19E-05
,,,,,,,,,137.8,-0.6900,-6.78E-08,,68.9,-0.6900,-1.12E-07,,13.78,-0.6899,-3.60E-07,,6.13,-0.6897,-6.45E-07,,2.30,-0.6893,-1.55E-06,,1.378,-0.6889,-2.40E-06,,0.689,-0.6900,-4.72E-06,,0.1378,-0.6899,-3.14E-05
,,,,,,,,,138.0,-0.7000,-6.61E-08,,69.0,-0.7000,-1.08E-07,,13.80,-0.6999,-3.44E-07,,6.14,-0.6997,-6.18E-07,,2.30,-0.6993,-1.48E-06,,1.380,-0.6988,-2.29E-06,,0.690,-0.7000,-4.51E-06,,0.1380,-0.6999,-3.08E-05
,,,,,,,,,138.2,-0.7100,-6.44E-08,,69.1,-0.7100,-1.04E-07,,13.82,-0.7099,-3.27E-07,,6.15,-0.7097,-5.87E-07,,2.30,-0.7093,-1.41E-06,,1.382,-0.7088,-2.19E-06,,0.691,-0.7100,-4.28E-06,,0.1382,-0.7099,-3.03E-05
,,,,,,,,,138.4,-0.7200,-6.28E-08,,69.2,-0.7200,-1.01E-07,,13.84,-0.7199,-3.11E-07,,6.16,-0.7002,-4.27E-07,,2.31,-0.7193,-1.34E-06,,1.384,-0.7188,-2.09E-06,,0.692,-0.7200,-4.08E-06,,0.1384,-0.7199,-2.96E-05
,,,,,,,,,138.6,-0.7300,-6.07E-08,,69.3,-0.7300,-9.64E-08,,13.86,-0.7299,-2.95E-07,,6.17,-0.6901,-3.17E-07,,2.31,-0.7293,-1.28E-06,,1.386,-0.7288,-2.00E-06,,0.693,-0.7300,-3.90E-06,,0.1386,-0.7299,-2.91E-05
,,,,,,,,,138.8,-0.7400,-5.87E-08,,69.4,-0.7400,-9.22E-08,,13.88,-0.7399,-2.81E-07,,6.18,-0.6801,-2.25E-07,,2.31,-0.7393,-1.22E-06,,1.388,-0.7388,-1.90E-06,,0.694,-0.7400,-3.72E-06,,0.1388,-0.7394,-2.83E-05
,,,,,,,,,139.0,-0.7500,-5.65E-08,,69.5,-0.7500,-8.81E-08,,13.90,-0.7499,-2.65E-07,,6.19,-0.6701,-1.41E-07,,2.32,-0.7493,-1.16E-06,,1.390,-0.7488,-1.82E-06,,0.695,-0.7500,-3.55E-06,,0.1390,-0.7494,-2.77E-05
,,,,,,,,,139.2,-0.7600,-5.43E-08,,69.6,-0.7600,-8.40E-08,,13.92,-0.7599,-2.52E-07,,6.20,-0.6602,-6.18E-08,,2.32,-0.7593,-1.11E-06,,1.392,-0.7588,-1.74E-06,,0.696,-0.7600,-3.39E-06,,0.1392,-0.7594,-2.70E-05
,,,,,,,,,139.4,-0.7699,-5.20E-08,,69.7,-0.7699,-7.98E-08,,13.94,-0.7698,-2.38E-07,,6.21,-0.6502,1.67E-08,,2.32,-0.7693,-1.06E-06,,1.394,-0.7688,-1.66E-06,,0.697,-0.7699,-3.23E-06,,0.1394,-0.7698,-2.64E-05
,,,,,,,,,139.6,-0.7799,-4.97E-08,,69.8,-0.7799,-7.57E-08,,13.96,-0.7798,-2.26E-07,,6.22,-0.6402,9.62E-08,,2.33,-0.7793,-1.01E-06,,1.396,-0.7788,-1.59E-06,,0.698,-0.7800,-3.09E-06,,0.1396,-0.7799,-2.56E-05
,,,,,,,,,139.8,-0.7899,-4.78E-08,,69.9,-0.7899,-7.18E-08,,13.98,-0.7898,-2.15E-07,,6.23,-0.6302,1.78E-07,,2.33,-0.7893,-9.64E-07,,1.398,-0.7888,-1.52E-06,,0.699,-0.7900,-2.95E-06,,0.1398,-0.7899,-2.49E-05
,,,,,,,,,140.0,-0.7999,-4.55E-08,,70.0,-0.7999,-6.82E-08,,14.00,-0.7999,-2.04E-07,,6.24,-0.6202,2.62E-07,,2.33,-0.7993,-9.22E-07,,1.400,-0.7988,-1.46E-06,,0.700,-0.7999,-2.81E-06,,0.1400,-0.7999,-2.41E-05
,,,,,,,,,140.2,-0.8099,-4.36E-08,,70.1,-0.8099,-6.48E-08,,14.02,-0.8098,-1.94E-07,,6.25,-0.6102,3.50E-07,,2.34,-0.8093,-8.82E-07,,1.402,-0.8088,-1.40E-06,,0.701,-0.8099,-2.70E-06,,0.1402,-0.8099,-2.32E-05
,,,,,,,,,140.4,-0.8200,-4.15E-08,,70.2,-0.8199,-6.15E-08,,14.04,-0.8199,-1.84E-07,,6.26,-0.6002,4.41E-07,,2.34,-0.8193,-8.44E-07,,1.404,-0.8188,-1.35E-06,,0.702,-0.8199,-2.59E-06,,0.1404,-0.8199,-2.24E-05
,,,,,,,,,140.6,-0.8299,-3.98E-08,,70.3,-0.8299,-5.83E-08,,14.06,-0.8298,-1.75E-07,,6.27,-0.5902,5.34E-07,,2.34,-0.8293,-8.10E-07,,1.406,-0.8288,-1.29E-06,,0.703,-0.8299,-2.48E-06,,0.1406,-0.8299,-2.15E-05
,,,,,,,,,140.8,-0.8399,-3.81E-08,,70.4,-0.8399,-5.54E-08,,14.08,-0.8398,-1.67E-07,,6.28,-0.5802,6.27E-07,,2.35,-0.8393,-7.77E-07,,1.408,-0.8388,-1.24E-06,,0.704,-0.8399,-2.38E-06,,0.1408,-0.8399,-2.06E-05
,,,,,,,,,141.0,-0.8499,-3.64E-08,,70.5,-0.8499,-5.26E-08,,14.10,-0.8498,-1.59E-07,,6.29,-0.5702,7.17E-07,,2.35,-0.8493,-7.46E-07,,1.410,-0.8488,-1.19E-06,,0.705,-0.8499,-2.29E-06,,0.1410,-0.8494,-1.97E-05
,,,,,,,,,141.2,-0.8599,-3.48E-08,,70.6,-0.8599,-5.02E-08,,14.12,-0.8598,-1.52E-07,,6.30,-0.5602,8.03E-07,,2.35,-0.8593,-7.18E-07,,1.412,-0.8588,-1.15E-06,,0.706,-0.8599,-2.20E-06,,0.1412,-0.8599,-1.90E-05
,,,,,,,,,141.4,-0.8699,-3.35E-08,,70.7,-0.8699,-4.80E-08,,14.14,-0.8698,-1.46E-07,,6.31,-0.5502,8.78E-07,,2.36,-0.8693,-6.92E-07,,1.414,-0.8688,-1.11E-06,,0.707,-0.8699,-2.12E-06,,0.1414,-0.8698,-1.84E-05
,,,,,,,,,141.6,-0.8799,-3.22E-08,,70.8,-0.8799,-4.61E-08,,14.16,-0.8798,-1.40E-07,,6.32,-0.5402,9.37E-07,,2.36,-0.8792,-6.66E-07,,1.416,-0.8788,-1.07E-06,,0.708,-0.8799,-2.05E-06,,0.1416,-0.8799,-1.75E-05
,,,,,,,,,141.8,-0.8900,-3.11E-08,,70.9,-0.8900,-4.44E-08,,14.18,-0.8899,-1.35E-07,,6.33,-0.5302,9.78E-07,,2.36,-0.8893,-6.44E-07,,1.418,-0.8889,-1.03E-06,,0.709,-0.8900,-1.98E-06,,0.1418,-0.8899,-1.68E-05
,,,,,,,,,142.0,-0.9000,-3.00E-08,,71.0,-0.9000,-4.30E-08,,14.20,-0.8999,-1.30E-07,,6.34,-0.5202,1.00E-06,,2.37,-0.8993,-6.22E-07,,1.420,-0.8989,-1.00E-06,,0.710,-0.9000,-1.92E-06,,0.1420,-0.8999,-1.59E-05
,,,,,,,,,142.2,-0.8900,-2.63E-08,,71.1,-0.8900,-3.76E-08,,14.22,-0.8901,-1.15E-07,,6.35,-0.5102,1.01E-06,,2.37,-0.8907,-5.57E-07,,1.422,-0.8911,-8.99E-07,,0.711,-0.8900,-1.72E-06,,0.1422,-0.8901,-1.43E-05
,,,,,,,,,142.4,-0.8799,-2.40E-08,,71.2,-0.8800,-3.41E-08,,14.24,-0.8800,-1.06E-07,,6.36,-0.5002,9.98E-07,,2.37,-0.8807,-5.14E-07,,1.424,-0.8811,-8.27E-07,,0.712,-0.8800,-1.58E-06,,0.1424,-0.8805,-1.31E-05
,,,,,,,,,142.6,-0.8699,-2.23E-08,,71.3,-0.8700,-3.13E-08,,14.26,-0.8700,-9.80E-08,,6.37,-0.4902,9.83E-07,,2.38,-0.8706,-4.80E-07,,1.426,-0.8711,-7.71E-07,,0.713,-0.8699,-1.47E-06,,0.1426,-0.8705,-1.20E-05
,,,,,,,,,142.8,-0.8599,-2.08E-08,,71.4,-0.8600,-2.90E-08,,14.28,-0.8600,-9.11E-08,,6.38,-0.4802,9.64E-07,,2.38,-0.8606,-4.49E-07,,1.428,-0.8611,-7.24E-07,,0.714,-0.8600,-1.38E-06,,0.1428,-0.8605,-1.10E-05
,,,,,,,,,143.0,-0.8499,-1.94E-08,,71.5,-0.8500,-2.69E-08,,14.30,-0.8500,-8.48E-08,,6.39,-0.4701,9.45E-07,,2.38,-0.8506,-4.22E-07,,1.430,-0.8510,-6.81E-07,,0.715,-0.8500,-1.30E-06,,0.1430,-0.8505,-1.02E-05
,,,,,,,,,143.2,-0.8400,-1.82E-08,,71.6,-0.8400,-2.48E-08,,14.32,-0.8401,-7.92E-08,,6.40,-0.4602,9.26E-07,,2.39,-0.8406,-3.96E-07,,1.432,-0.8411,-6.41E-07,,0.716,-0.8400,-1.22E-06,,0.1432,-0.8400,-9.37E-06
,,,,,,,,,143.4,-0.8300,-1.70E-08,,71.7,-0.8300,-2.29E-08,,14.34,-0.8301,-7.40E-08,,6.41,-0.4502,9.14E-07,,2.39,-0.8306,-3.74E-07,,1.434,-0.8311,-6.04E-07,,0.717,-0.8300,-1.15E-06,,0.1434,-0.8305,-8.63E-06
,,,,,,,,,143.6,-0.8200,-1.58E-08,,71.8,-0.8200,-2.09E-08,,14.36,-0.8201,-6.89E-08,,6.42,-0.4402,9.04E-07,,2.39,-0.8206,-3.53E-07,,1.436,-0.8211,-5.69E-07,,0.718,-0.8200,-1.09E-06,,0.1436,-0.8206,-8.07E-06
,,,,,,,,,143.8,-0.8100,-1.46E-08,,71.9,-0.8100,-1.88E-08,,14.38,-0.8101,-6.37E-08,,6.43,-0.4302,8.98E-07,,2.40,-0.8106,-3.32E-07,,1.438,-0.8111,-5.38E-07,,0.719,-0.8100,-1.03E-06,,0.1438,-0.8105,-7.40E-06
,,,,,,,,,144.0,-0.8000,-1.34E-08,,72.0,-0.8000,-1.67E-08,,14.40,-0.8001,-5.86E-08,,6.44,-0.4202,8.95E-07,,2.40,-0.8006,-3.12E-07,,1.440,-0.8011,-5.08E-07,,0.720,-0.8000,-9.77E-07,,0.1440,-0.8005,-6.81E-06
,,,,,,,,,144.2,-0.7900,-1.21E-08,,72.1,-0.7900,-1.43E-08,,14.42,-0.7901,-5.33E-08,,6.45,-0.4102,8.91E-07,,2.40,-0.7906,-2.93E-07,,1.442,-0.7911,-4.78E-07,,0.721,-0.7900,-9.22E-07,,0.1442,-0.7901,-6.29E-06
,,,,,,,,,144.4,-0.7800,-1.07E-08,,72.2,-0.7800,-1.17E-08,,14.44,-0.7801,-4.78E-08,,6.46,-0.4002,8.91E-07,,2.41,-0.7806,-2.73E-07,,1.444,-0.7811,-4.51E-07,,0.722,-0.7800,-8.73E-07,,0.1444,-0.7805,-5.86E-06
,,,,,,,,,144.6,-0.7700,-9.11E-09,,72.3,-0.7700,-8.75E-09,,14.46,-0.7701,-4.18E-08,,6.47,-0.3901,8.91E-07,,2.41,-0.7706,-2.53E-07,,1.446,-0.7711,-4.23E-07,,0.723,-0.7700,-8.22E-07,,0.1446,-0.7705,-5.45E-06
,,,,,,,,,144.8,-0.7600,-7.39E-09,,72.4,-0.7600,-5.49E-09,,14.48,-0.7601,-3.53E-08,,6.48,-0.3801,8.92E-07,,2.41,-0.7606,-2.34E-07,,1.448,-0.7611,-3.95E-07,,0.724,-0.7600,-7.70E-07,,0.1448,-0.7605,-5.08E-06
,,,,,,,,,145.0,-0.7500,-5.45E-09,,72.5,-0.7500,-1.78E-09,,14.50,-0.7501,-2.81E-08,,6.49,-0.3702,8.94E-07,,2.42,-0.7506,-2.13E-07,,1.450,-0.7511,-3.65E-07,,0.725,-0.7500,-7.22E-07,,0.1450,-0.7501,-4.72E-06
,,,,,,,,,145.2,-0.7400,-3.28E-09,,72.6,-0.7400,2.44E-09,,14.52,-0.7401,-2.02E-08,,6.50,-0.3602,8.96E-07,,2.42,-0.7406,-1.92E-07,,1.452,-0.7411,-3.36E-07,,0.726,-0.7400,-6.76E-07,,0.1452,-0.7405,-4.37E-06
,,,,,,,,,145.4,-0.7300,-8.47E-10,,72.7,-0.7300,7.18E-09,,14.54,-0.7301,-1.13E-08,,6.51,-0.3502,8.98E-07,,2.42,-0.7306,-1.69E-07,,1.454,-0.7311,-3.05E-07,,0.727,-0.7300,-6.28E-07,,0.1454,-0.7306,-4.07E-06
,,,,,,,,,145.6,-0.7200,1.88E-09,,72.8,-0.7200,1.26E-08,,14.56,-0.7201,-1.11E-09,,6.52,-0.3402,9.01E-07,,2.43,-0.7206,-1.46E-07,,1.456,-0.7211,-2.74E-07,,0.728,-0.7200,-5.82E-07,,0.1456,-0.7205,-3.77E-06
,,,,,,,,,145.8,-0.7100,4.89E-09,,72.9,-0.7100,1.86E-08,,14.58,-0.7101,1.05E-08,,6.53,-0.3301,9.03E-07,,2.43,-0.7106,-1.19E-07,,1.458,-0.7111,-2.41E-07,,0.729,-0.7100,-5.32E-07,,0.1458,-0.7105,-3.50E-06
,,,,,,,,,146.0,-0.7000,8.21E-09,,73.0,-0.7000,2.53E-08,,14.60,-0.7001,2.37E-08,,6.54,-0.3201,9.06E-07,,2.43,-0.7006,-9.08E-08,,1.460,-0.7011,-2.06E-07,,0.730,-0.7000,-4.81E-07,,0.1460,-0.7000,-3.25E-06
,,,,,,,,,146.2,-0.6900,1.18E-08,,73.1,-0.6900,3.28E-08,,14.62,-0.6901,3.88E-08,,6.55,-0.3102,9.08E-07,,2.44,-0.6906,-5.91E-08,,1.462,-0.6911,-1.68E-07,,0.731,-0.6900,-4.25E-07,,0.1462,-0.6905,-3.02E-06
,,,,,,,,,146.4,-0.6800,1.56E-08,,73.2,-0.6800,4.13E-08,,14.64,-0.6801,5.62E-08,,6.56,-0.3002,9.11E-07,,2.44,-0.6806,-2.40E-08,,1.464,-0.6811,-1.26E-07,,0.732,-0.6800,-3.69E-07,,0.1464,-0.6805,-2.79E-06
,,,,,,,,,146.6,-0.6700,1.94E-08,,73.3,-0.6700,5.06E-08,,14.66,-0.6701,7.58E-08,,6.57,-0.2901,9.16E-07,,2.44,-0.6706,1.51E-08,,1.466,-0.6711,-8.06E-08,,0.733,-0.6700,-3.09E-07,,0.1466,-0.6705,-2.62E-06
,,,,,,,,,146.8,-0.6600,2.30E-08,,73.4,-0.6600,5.97E-08,,14.68,-0.6601,9.85E-08,,6.58,-0.2801,9.16E-07,,2.45,-0.6606,5.85E-08,,1.468,-0.6611,-3.11E-08,,0.734,-0.6600,-2.46E-07,,0.1468,-0.6605,-2.41E-06
,,,,,,,,,147.0,-0.6500,2.63E-08,,73.5,-0.6500,6.83E-08,,14.70,-0.6500,1.24E-07,,6.59,-0.2701,9.18E-07,,2.45,-0.6506,1.07E-07,,1.470,-0.6511,2.38E-08,,0.735,-0.6500,-1.77E-07,,0.1470,-0.6500,-2.23E-06
,,,,,,,,,147.2,-0.6400,2.88E-08,,73.6,-0.6400,7.59E-08,,14.72,-0.6400,1.53E-07,,6.60,-0.2601,9.21E-07,,2.45,-0.6406,1.62E-07,,1.472,-0.6411,8.44E-08,,0.736,-0.6400,-1.01E-07,,0.1472,-0.6400,-2.06E-06
,,,,,,,,,147.4,-0.6300,3.07E-08,,73.7,-0.6300,8.13E-08,,14.74,-0.6301,1.87E-07,,6.61,-0.2501,9.22E-07,,2.46,-0.6306,2.23E-07,,1.474,-0.6311,1.52E-07,,0.737,-0.6300,-1.88E-08,,0.1474,-0.6305,-1.90E-06
,,,,,,,,,147.6,-0.6200,3.17E-08,,73.8,-0.6200,8.45E-08,,14.76,-0.6201,2.24E-07,,6.62,-0.2401,9.25E-07,,2.46,-0.6206,2.91E-07,,1.476,-0.6211,2.27E-07,,0.738,-0.6200,7.15E-08,,0.1476,-0.6205,-1.75E-06
,,,,,,,,,147.8,-0.6100,3.19E-08,,73.9,-0.6100,8.47E-08,,14.78,-0.6101,2.66E-07,,6.63,-0.2301,9.27E-07,,2.46,-0.6106,3.68E-07,,1.478,-0.6111,3.10E-07,,0.739,-0.6100,1.68E-07,,0.1478,-0.6105,-1.59E-06
,,,,,,,,,148.0,-0.6000,3.17E-08,,74.0,-0.6000,8.26E-08,,14.80,-0.6001,3.13E-07,,6.64,-0.2201,9.30E-07,,2.47,-0.6006,4.53E-07,,1.480,-0.6011,4.04E-07,,0.740,-0.6000,2.74E-07,,0.1480,-0.6001,-1.45E-06
,,,,,,,,,148.2,-0.5900,3.11E-08,,74.1,-0.5900,7.95E-08,,14.82,-0.5901,3.64E-07,,6.65,-0.2101,9.33E-07,,2.47,-0.5906,5.49E-07,,1.482,-0.5911,5.08E-07,,0.741,-0.5900,3.91E-07,,0.1482,-0.5905,-1.30E-06
,,,,,,,,,148.4,-0.5800,3.06E-08,,74.2,-0.5800,7.67E-08,,14.84,-0.5801,4.19E-07,,6.66,-0.2001,9.35E-07,,2.47,-0.5806,6.58E-07,,1.484,-0.5811,6.23E-07,,0.742,-0.5800,5.17E-07,,0.1484,-0.5805,-1.16E-06
,,,,,,,,,148.6,-0.5700,3.02E-08,,74.3,-0.5700,7.47E-08,,14.86,-0.5701,4.74E-07,,6.67,-0.1901,9.37E-07,,2.48,-0.5706,7.80E-07,,1.486,-0.5711,7.50E-07,,0.743,-0.5701,6.52E-07,,0.1486,-0.5705,-1.03E-06
,,,,,,,,,148.8,-0.5600,3.00E-08,,74.4,-0.5600,7.32E-08,,14.88,-0.5601,5.27E-07,,6.68,-0.1802,9.39E-07,,2.48,-0.5607,9.15E-07,,1.488,-0.5611,8.92E-07,,0.744,-0.5601,8.06E-07,,0.1488,-0.5605,-8.81E-07
,,,,,,,,,149.0,-0.5500,2.98E-08,,74.5,-0.5500,7.22E-08,,14.90,-0.5501,5.74E-07,,6.69,-0.1701,9.42E-07,,2.48,-0.5507,1.06E-06,,1.490,-0.5511,1.05E-06,,0.745,-0.5501,9.73E-07,,0.1490,-0.5501,-7.35E-07
,,,,,,,,,149.2,-0.5400,3.00E-08,,74.6,-0.5400,7.16E-08,,14.92,-0.5401,6.07E-07,,6.70,-0.1601,9.44E-07,,2.49,-0.5407,1.23E-06,,1.492,-0.5411,1.22E-06,,0.746,-0.5401,1.15E-06,,0.1492,-0.5406,-5.90E-07
,,,,,,,,,149.4,-0.5300,3.02E-08,,74.7,-0.5300,7.13E-08,,14.94,-0.5301,6.25E-07,,6.71,-0.1501,9.46E-07,,2.49,-0.5307,1.41E-06,,1.494,-0.5311,1.42E-06,,0.747,-0.5301,1.35E-06,,0.1494,-0.5305,-4.54E-07
,,,,,,,,,149.6,-0.5200,3.03E-08,,74.8,-0.5200,7.16E-08,,14.96,-0.5201,6.22E-07,,6.72,-0.1401,9.49E-07,,2.49,-0.5207,1.61E-06,,1.496,-0.5211,1.62E-06,,0.748,-0.5201,1.57E-06,,0.1496,-0.5206,-3.07E-07
,,,,,,,,,149.8,-0.5100,3.07E-08,,74.9,-0.5100,7.19E-08,,14.98,-0.5101,6.02E-07,,6.73,-0.1302,9.51E-07,,2.50,-0.5107,1.83E-06,,1.498,-0.5111,1.85E-06,,0.749,-0.5101,1.80E-06,,0.1498,-0.5105,-1.59E-07
,,,,,,,,,150.0,-0.5000,3.11E-08,,75.0,-0.5000,7.24E-08,,15.00,-0.5001,5.75E-07,,6.74,-0.1202,9.53E-07,,2.50,-0.5007,2.07E-06,,1.500,-0.5011,2.10E-06,,0.750,-0.5001,2.06E-06,,0.1500,-0.5001,3.24E-09
,,,,,,,,,150.2,-0.4900,3.15E-08,,75.1,-0.4900,7.29E-08,,15.02,-0.4901,5.43E-07,,6.75,-0.1102,9.55E-07,,2.50,-0.4907,2.32E-06,,1.502,-0.4911,2.37E-06,,0.751,-0.4900,2.34E-06,,0.1502,-0.4906,1.64E-07
,,,,,,,,,150.4,-0.4800,3.22E-08,,75.2,-0.4800,7.37E-08,,15.04,-0.4800,5.16E-07,,6.76,-0.1001,9.60E-07,,2.51,-0.4806,2.58E-06,,1.504,-0.4811,2.67E-06,,0.752,-0.4801,2.64E-06,,0.1504,-0.4805,3.40E-07
,,,,,,,,,150.6,-0.4699,3.27E-08,,75.3,-0.4700,7.41E-08,,15.06,-0.4700,4.94E-07,,6.77,-0.0901,9.59E-07,,2.51,-0.4706,2.85E-06,,1.506,-0.4711,2.97E-06,,0.753,-0.4700,2.97E-06,,0.1506,-0.4705,5.27E-07
,,,,,,,,,150.8,-0.4599,3.33E-08,,75.4,-0.4600,7.50E-08,,15.08,-0.4600,4.78E-07,,6.78,-0.0801,9.60E-07,,2.51,-0.4606,3.11E-06,,1.508,-0.4611,3.31E-06,,0.754,-0.4601,3.32E-06,,0.1508,-0.4605,7.21E-07
,,,,,,,,,151.0,-0.4500,3.40E-08,,75.5,-0.4500,7.59E-08,,15.10,-0.4501,4.68E-07,,6.79,-0.0701,9.62E-07,,2.52,-0.4506,3.36E-06,,1.510,-0.4512,3.66E-06,,0.755,-0.4501,3.70E-06,,0.1510,-0.4501,9.31E-07
,,,,,,,,,151.2,-0.4400,3.46E-08,,75.6,-0.4400,7.68E-08,,15.12,-0.4401,4.60E-07,,6.80,-0.0601,9.64E-07,,2.52,-0.4406,3.58E-06,,1.512,-0.4412,4.02E-06,,0.756,-0.4401,4.11E-06,,0.1512,-0.4406,1.14E-06
,,,,,,,,,151.4,-0.4300,3.53E-08,,75.7,-0.4300,7.78E-08,,15.14,-0.4301,4.57E-07,,6.81,-0.0501,9.64E-07,,2.52,-0.4306,3.76E-06,,1.514,-0.4312,4.38E-06,,0.757,-0.4301,4.53E-06,,0.1514,-0.4300,1.38E-06
,,,,,,,,,151.6,-0.4200,3.62E-08,,75.8,-0.4200,7.90E-08,,15.16,-0.4201,4.54E-07,,6.82,-0.0401,9.66E-07,,2.53,-0.4206,3.89E-06,,1.516,-0.4212,4.75E-06,,0.758,-0.4201,4.98E-06,,0.1516,-0.4206,1.61E-06
,,,,,,,,,151.8,-0.4100,3.70E-08,,75.9,-0.4100,8.00E-08,,15.18,-0.4101,4.53E-07,,6.83,-0.0301,9.67E-07,,2.53,-0.4106,3.98E-06,,1.518,-0.4112,5.10E-06,,0.759,-0.4101,5.45E-06,,0.1518,-0.4105,1.86E-06
,,,,,,,,,152.0,-0.4000,3.78E-08,,76.0,-0.4000,8.11E-08,,15.20,-0.4001,4.54E-07,,6.84,-0.0201,9.69E-07,,2.53,-0.4006,4.01E-06,,1.520,-0.4011,5.45E-06,,0.760,-0.4001,5.96E-06,,0.1520,-0.4000,2.14E-06
,,,,,,,,,152.2,-0.3900,3.86E-08,,76.1,-0.3900,8.22E-08,,15.22,-0.3901,4.55E-07,,6.85,-0.0101,9.69E-07,,2.54,-0.3906,3.99E-06,,1.522,-0.3911,5.74E-06,,0.761,-0.3901,6.47E-06,,0.1522,-0.3900,2.42E-06
,,,,,,,,,152.4,-0.3800,3.95E-08,,76.2,-0.3800,8.35E-08,,15.24,-0.3801,4.55E-07,,6.86,-0.0001,9.70E-07,,2.54,-0.3806,3.94E-06,,1.524,-0.3811,6.00E-06,,0.762,-0.3800,7.00E-06,,0.1524,-0.3805,2.74E-06
,,,,,,,,,152.6,-0.3700,4.04E-08,,76.3,-0.3700,8.46E-08,,15.26,-0.3701,4.57E-07,,6.87,0.0099,9.71E-07,,2.54,-0.3706,3.85E-06,,1.526,-0.3711,6.19E-06,,0.763,-0.3700,7.55E-06,,0.1526,-0.3705,3.03E-06
,,,,,,,,,152.8,-0.3600,4.12E-08,,76.4,-0.3600,8.58E-08,,15.28,-0.3601,4.58E-07,,6.88,0.0199,9.72E-07,,2.55,-0.3606,3.75E-06,,1.528,-0.3611,6.33E-06,,0.764,-0.3600,8.09E-06,,0.1528,-0.3605,3.35E-06
,,,,,,,,,153.0,-0.3500,4.20E-08,,76.5,-0.3500,8.69E-08,,15.30,-0.3501,4.60E-07,,6.89,0.0299,9.72E-07,,2.55,-0.3506,3.63E-06,,1.530,-0.3511,6.42E-06,,0.765,-0.3500,8.60E-06,,0.1530,-0.3501,3.72E-06
,,,,,,,,,153.2,-0.3400,4.28E-08,,76.6,-0.3400,8.80E-08,,15.32,-0.3401,4.62E-07,,6.90,0.0399,9.72E-07,,2.55,-0.3406,3.51E-06,,1.532,-0.3411,6.45E-06,,0.766,-0.3400,9.09E-06,,0.1532,-0.3406,4.09E-06
,,,,,,,,,153.4,-0.3300,4.37E-08,,76.7,-0.3300,8.91E-08,,15.34,-0.3301,4.64E-07,,6.91,0.0499,9.72E-07,,2.56,-0.3306,3.40E-06,,1.534,-0.3311,6.47E-06,,0.767,-0.3300,9.56E-06,,0.1534,-0.3305,4.46E-06
,,,,,,,,,153.6,-0.3200,4.44E-08,,76.8,-0.3200,9.02E-08,,15.36,-0.3201,4.66E-07,,6.92,0.0599,9.72E-07,,2.56,-0.3206,3.32E-06,,1.536,-0.3211,6.43E-06,,0.768,-0.3200,1.00E-05,,0.1536,-0.3206,4.84E-06
,,,,,,,,,153.8,-0.3100,4.52E-08,,76.9,-0.3100,9.12E-08,,15.38,-0.3101,4.67E-07,,6.93,0.0699,9.72E-07,,2.56,-0.3106,3.23E-06,,1.538,-0.3111,6.36E-06,,0.769,-0.3100,1.04E-05,,0.1538,-0.3106,5.27E-06
,,,,,,,,,154.0,-0.3000,4.59E-08,,77.0,-0.3000,9.22E-08,,15.40,-0.3001,4.68E-07,,6.94,0.0799,9.72E-07,,2.57,-0.3006,3.16E-06,,1.540,-0.3011,6.25E-06,,0.770,-0.3000,1.08E-05,,0.1540,-0.3001,5.73E-06
,,,,,,,,,154.2,-0.2899,4.68E-08,,77.1,-0.2900,9.35E-08,,15.42,-0.2900,4.70E-07,,6.95,0.0899,9.72E-07,,2.57,-0.2906,3.10E-06,,1.542,-0.2911,6.13E-06,,0.771,-0.2899,1.11E-05,,0.1542,-0.2905,6.17E-06
,,,,,,,,,154.4,-0.2799,4.73E-08,,77.2,-0.2799,9.42E-08,,15.44,-0.2800,4.69E-07,,6.96,0.0999,9.75E-07,,2.57,-0.2806,3.05E-06,,1.544,-0.2810,5.99E-06,,0.772,-0.2799,1.14E-05,,0.1544,-0.2805,6.65E-06
,,,,,,,,,154.6,-0.2699,4.79E-08,,77.3,-0.2700,9.50E-08,,15.46,-0.2701,4.69E-07,,6.97,0.1099,9.73E-07,,2.58,-0.2706,3.01E-06,,1.546,-0.2711,5.86E-06,,0.773,-0.2700,1.16E-05,,0.1546,-0.2705,7.15E-06
,,,,,,,,,154.8,-0.2599,4.86E-08,,77.4,-0.2600,9.58E-08,,15.48,-0.2601,4.70E-07,,6.98,0.1199,9.73E-07,,2.58,-0.2606,2.98E-06,,1.548,-0.2611,5.72E-06,,0.774,-0.2599,1.17E-05,,0.1548,-0.2605,7.64E-06
,,,,,,,,,155.0,-0.2499,4.91E-08,,77.5,-0.2500,9.65E-08,,15.50,-0.2500,4.70E-07,,6.99,0.1299,9.73E-07,,2.58,-0.2506,2.95E-06,,1.550,-0.2511,5.60E-06,,0.775,-0.2500,1.19E-05,,0.1550,-0.2500,8.15E-06
,,,,,,,,,155.2,-0.2399,4.97E-08,,77.6,-0.2400,9.73E-08,,15.52,-0.2400,4.71E-07,,7.00,0.1399,9.72E-07,,2.59,-0.2406,2.93E-06,,1.552,-0.2411,5.48E-06,,0.776,-0.2400,1.20E-05,,0.1552,-0.2405,8.67E-06
,,,,,,,,,155.4,-0.2299,5.02E-08,,77.7,-0.2299,9.79E-08,,15.54,-0.2300,4.71E-07,,7.01,0.1499,9.72E-07,,2.59,-0.2306,2.91E-06,,1.554,-0.2311,5.37E-06,,0.777,-0.2300,1.20E-05,,0.1554,-0.2305,9.21E-06
,,,,,,,,,155.6,-0.2200,5.07E-08,,77.8,-0.2200,9.85E-08,,15.56,-0.2201,4.72E-07,,7.02,0.1599,9.72E-07,,2.59,-0.2206,2.90E-06,,1.556,-0.2211,5.27E-06,,0.778,-0.2200,1.20E-05,,0.1556,-0.2205,9.75E-06
,,,,,,,,,155.8,-0.2099,5.12E-08,,77.9,-0.2100,9.90E-08,,15.58,-0.2100,4.72E-07,,7.03,0.1699,9.72E-07,,2.60,-0.2106,2.89E-06,,1.558,-0.2111,5.18E-06,,0.779,-0.2100,1.20E-05,,0.1558,-0.2105,1.04E-05
,,,,,,,,,156.0,-0.2000,5.16E-08,,78.0,-0.2000,9.96E-08,,15.60,-0.2001,4.73E-07,,7.04,0.1799,9.72E-07,,2.60,-0.2006,2.88E-06,,1.560,-0.2011,5.10E-06,,0.780,-0.2000,1.19E-05,,0.1560,-0.2001,1.09E-05
,,,,,,,,,156.2,-0.1900,5.20E-08,,78.1,-0.1900,1.00E-07,,15.62,-0.1901,4.74E-07,,7.05,0.1899,9.73E-07,,2.60,-0.1907,2.87E-06,,1.562,-0.1911,5.04E-06,,0.781,-0.1900,1.18E-05,,0.1562,-0.1905,1.15E-05
,,,,,,,,,156.4,-0.1800,5.24E-08,,78.2,-0.1800,1.01E-07,,15.64,-0.1801,4.75E-07,,7.06,0.1999,9.73E-07,,2.61,-0.1807,2.87E-06,,1.564,-0.1811,4.98E-06,,0.782,-0.1800,1.17E-05,,0.1564,-0.1805,1.22E-05
,,,,,,,,,156.6,-0.1700,5.28E-08,,78.3,-0.1700,1.01E-07,,15.66,-0.1700,4.76E-07,,7.07,0.2099,9.74E-07,,2.61,-0.1707,2.86E-06,,1.566,-0.1711,4.94E-06,,0.783,-0.1700,1.16E-05,,0.1566,-0.1705,1.28E-05
,,,,,,,,,156.8,-0.1600,5.31E-08,,78.4,-0.1600,1.02E-07,,15.68,-0.1601,4.77E-07,,7.08,0.2199,9.74E-07,,2.61,-0.1607,2.86E-06,,1.568,-0.1611,4.90E-06,,0.784,-0.1600,1.14E-05,,0.1568,-0.1605,1.34E-05
,,,,,,,,,157.0,-0.1500,5.35E-08,,78.5,-0.1500,1.02E-07,,15.70,-0.1501,4.79E-07,,7.09,0.2299,9.75E-07,,2.62,-0.1507,2.86E-06,,1.570,-0.1511,4.86E-06,,0.785,-0.1500,1.13E-05,,0.1570,-0.1500,1.41E-05
,,,,,,,,,157.2,-0.1400,5.38E-08,,78.6,-0.1400,1.03E-07,,15.72,-0.1401,4.80E-07,,7.10,0.2399,9.76E-07,,2.62,-0.1406,2.86E-06,,1.572,-0.1411,4.83E-06,,0.786,-0.1400,1.11E-05,,0.1572,-0.1405,1.47E-05
,,,,,,,,,157.4,-0.1300,5.41E-08,,78.7,-0.1300,1.03E-07,,15.74,-0.1301,4.81E-07,,7.11,0.2499,9.77E-07,,2.62,-0.1306,2.86E-06,,1.574,-0.1311,4.80E-06,,0.787,-0.1300,1.10E-05,,0.1574,-0.1305,1.53E-05
,,,,,,,,,157.6,-0.1200,5.44E-08,,78.8,-0.1200,1.04E-07,,15.76,-0.1201,4.82E-07,,7.12,0.2599,9.78E-07,,2.63,-0.1206,2.85E-06,,1.576,-0.1211,4.78E-06,,0.788,-0.1200,1.08E-05,,0.1576,-0.1205,1.60E-05
,,,,,,,,,157.8,-0.1100,5.46E-08,,78.9,-0.1100,1.04E-07,,15.78,-0.1101,4.83E-07,,7.13,0.2699,9.79E-07,,2.63,-0.1106,2.85E-06,,1.578,-0.1111,4.76E-06,,0.789,-0.1100,1.07E-05,,0.1578,-0.1106,1.67E-05
,,,,,,,,,158.0,-0.1000,5.49E-08,,79.0,-0.1000,1.05E-07,,15.80,-0.1001,4.84E-07,,7.14,0.2799,9.80E-07,,2.63,-0.1006,2.85E-06,,1.580,-0.1011,4.75E-06,,0.790,-0.1000,1.05E-05,,0.1580,-0.1001,1.75E-05
,,,,,,,,,158.2,-0.0899,5.54E-08,,79.1,-0.0899,1.06E-07,,15.82,-0.0900,4.87E-07,,7.15,0.2899,9.82E-07,,2.64,-0.0906,2.86E-06,,1.582,-0.0910,4.74E-06,,0.791,-0.0899,1.04E-05,,0.1582,-0.0900,1.83E-05
,,,,,,,,,158.4,-0.0799,5.55E-08,,79.2,-0.0800,1.06E-07,,15.84,-0.0800,4.87E-07,,7.16,0.2999,9.86E-07,,2.64,-0.0806,2.86E-06,,1.584,-0.0810,4.72E-06,,0.792,-0.0799,1.03E-05,,0.1584,-0.0805,1.89E-05
,,,,,,,,,158.6,-0.0699,5.57E-08,,79.3,-0.0699,1.06E-07,,15.86,-0.0700,4.88E-07,,7.17,0.3100,9.86E-07,,2.64,-0.0706,2.86E-06,,1.586,-0.0710,4.71E-06,,0.793,-0.0699,1.01E-05,,0.1586,-0.0705,1.97E-05
,,,,,,,,,158.8,-0.0599,5.59E-08,,79.4,-0.0600,1.07E-07,,15.88,-0.0600,4.90E-07,,7.18,0.3199,9.88E-07,,2.65,-0.0606,2.86E-06,,1.588,-0.0610,4.70E-06,,0.794,-0.0600,1.00E-05,,0.1588,-0.0600,2.05E-05
,,,,,,,,,159.0,-0.0499,5.62E-08,,79.5,-0.0500,1.07E-07,,15.90,-0.0500,4.91E-07,,7.19,0.3299,9.90E-07,,2.65,-0.0506,2.86E-06,,1.590,-0.0510,4.69E-06,,0.795,-0.0499,9.92E-06,,0.1590,-0.0505,2.10E-05
,,,,,,,,,159.2,-0.0399,5.64E-08,,79.6,-0.0400,1.08E-07,,15.92,-0.0400,4.92E-07,,7.20,0.3399,9.93E-07,,2.65,-0.0406,2.86E-06,,1.592,-0.0411,4.68E-06,,0.796,-0.0400,9.82E-06,,0.1592,-0.0405,2.18E-05
,,,,,,,,,159.4,-0.0300,5.67E-08,,79.7,-0.0300,1.08E-07,,15.94,-0.0300,4.93E-07,,7.21,0.3499,9.96E-07,,2.66,-0.0306,2.86E-06,,1.594,-0.0311,4.68E-06,,0.797,-0.0299,9.73E-06,,0.1594,-0.0305,2.25E-05
,,,,,,,,,159.6,-0.0200,5.69E-08,,79.8,-0.0200,1.08E-07,,15.96,-0.0201,4.94E-07,,7.22,0.3599,9.98E-07,,2.66,-0.0206,2.86E-06,,1.596,-0.0211,4.67E-06,,0.798,-0.0200,9.64E-06,,0.1596,-0.0205,2.32E-05
,,,,,,,,,159.8,-0.0100,5.71E-08,,79.9,-0.0100,1.09E-07,,15.98,-0.0100,4.96E-07,,7.23,0.3699,1.00E-06,,2.66,-0.0106,2.86E-06,,1.598,-0.0111,4.67E-06,,0.799,-0.0100,9.57E-06,,0.1598,-0.0100,2.40E-05
,,,,,,,,,160.0,0.0001,5.73E-08,,80.0,0.0001,1.09E-07,,16.00,0.0000,4.97E-07,,7.24,0.3799,1.01E-06,,2.67,-0.0006,2.86E-06,,1.600,-0.0010,4.66E-06,,0.800,0.0001,9.50E-06,,0.1600,-0.0005,2.47E-05
,,,,,,,,,160.2,0.0101,5.75E-08,,80.1,0.0101,1.10E-07,,16.02,0.0100,4.98E-07,,7.25,0.3899,1.01E-06,,2.67,0.0094,2.86E-06,,1.602,0.0090,4.65E-06,,0.801,0.0101,9.43E-06,,0.1602,0.0095,2.54E-05
,,,,,,,,,160.4,0.0201,5.77E-08,,80.2,0.0201,1.10E-07,,16.04,0.0200,4.99E-07,,7.26,0.3999,1.01E-06,,2.67,0.0194,2.86E-06,,1.604,0.0190,4.64E-06,,0.802,0.0201,9.37E-06,,0.1604,0.0195,2.63E-05
,,,,,,,,,160.6,0.0301,5.79E-08,,80.3,0.0301,1.10E-07,,16.06,0.0300,4.99E-07,,7.27,0.4099,1.02E-06,,2.68,0.0294,2.86E-06,,1.606,0.0290,4.64E-06,,0.803,0.0301,9.31E-06,,0.1606,0.0295,2.71E-05
,,,,,,,,,160.8,0.0401,5.82E-08,,80.4,0.0401,1.11E-07,,16.08,0.0400,5.00E-07,,7.28,0.4199,1.02E-06,,2.68,0.0394,2.86E-06,,1.608,0.0390,4.63E-06,,0.804,0.0401,9.26E-06,,0.1608,0.0400,2.79E-05
,,,,,,,,,161.0,0.0501,5.84E-08,,80.5,0.0501,1.11E-07,,16.10,0.0500,5.01E-07,,7.29,0.4299,1.03E-06,,2.68,0.0494,2.85E-06,,1.610,0.0490,4.63E-06,,0.805,0.0501,9.21E-06,,0.1610,0.0495,2.87E-05
,,,,,,,,,161.2,0.0601,5.86E-08,,80.6,0.0600,1.11E-07,,16.12,0.0600,5.02E-07,,7.30,0.4399,1.03E-06,,2.69,0.0594,2.85E-06,,1.612,0.0589,4.62E-06,,0.806,0.0601,9.15E-06,,0.1612,0.0595,2.95E-05
,,,,,,,,,161.4,0.0701,5.89E-08,,80.7,0.0701,1.12E-07,,16.14,0.0700,5.03E-07,,7.31,0.4499,1.03E-06,,2.69,0.0694,2.85E-06,,1.614,0.0690,4.61E-06,,0.807,0.0701,9.11E-06,,0.1614,0.0695,3.03E-05
,,,,,,,,,161.6,0.0801,5.91E-08,,80.8,0.0800,1.12E-07,,16.16,0.0800,5.04E-07,,7.32,0.4599,1.04E-06,,2.69,0.0794,2.85E-06,,1.616,0.0790,4.60E-06,,0.808,0.0801,9.06E-06,,0.1616,0.0795,3.10E-05
,,,,,,,,,161.8,0.0901,5.94E-08,,80.9,0.0900,1.13E-07,,16.18,0.0900,5.05E-07,,7.33,0.4699,1.04E-06,,2.70,0.0894,2.84E-06,,1.618,0.0890,4.60E-06,,0.809,0.0901,9.02E-06,,0.1618,0.0900,3.18E-05
,,,,,,,,,162.0,0.1001,5.97E-08,,81.0,0.1000,1.13E-07,,16.20,0.1000,5.06E-07,,7.34,0.4799,1.05E-06,,2.70,0.0994,2.84E-06,,1.620,0.0989,4.59E-06,,0.810,0.1000,8.98E-06,,0.1620,0.0995,3.24E-05
,,,,,,,,,162.2,0.1101,6.01E-08,,81.1,0.1101,1.14E-07,,16.22,0.1100,5.08E-07,,7.35,0.4900,1.06E-06,,2.70,0.1095,2.84E-06,,1.622,0.1090,4.59E-06,,0.811,0.1101,8.95E-06,,0.1622,0.1095,3.31E-05
,,,,,,,,,162.4,0.1201,6.02E-08,,81.2,0.1201,1.14E-07,,16.24,0.1200,5.07E-07,,7.36,0.5000,1.06E-06,,2.71,0.1194,2.84E-06,,1.624,0.1189,4.57E-06,,0.812,0.1201,8.90E-06,,0.1624,0.1195,3.37E-05
,,,,,,,,,162.6,0.1301,6.06E-08,,81.3,0.1301,1.15E-07,,16.26,0.1300,5.08E-07,,7.37,0.5100,1.06E-06,,2.71,0.1295,2.83E-06,,1.626,0.1289,4.57E-06,,0.813,0.1301,8.86E-06,,0.1626,0.1295,3.45E-05
,,,,,,,,,162.8,0.1401,6.09E-08,,81.4,0.1401,1.15E-07,,16.28,0.1400,5.09E-07,,7.38,0.5200,1.07E-06,,2.71,0.1394,2.83E-06,,1.628,0.1389,4.57E-06,,0.814,0.1401,8.83E-06,,0.1628,0.1400,3.53E-05
,,,,,,,,,163.0,0.1501,6.12E-08,,81.5,0.1501,1.15E-07,,16.30,0.1500,5.10E-07,,7.39,0.5300,1.07E-06,,2.72,0.1494,2.83E-06,,1.630,0.1489,4.56E-06,,0.815,0.1501,8.79E-06,,0.1630,0.1495,3.60E-05
,,,,,,,,,163.2,0.1601,6.15E-08,,81.6,0.1601,1.16E-07,,16.32,0.1600,5.11E-07,,7.40,0.5400,1.08E-06,,2.72,0.1594,2.82E-06,,1.632,0.1589,4.55E-06,,0.816,0.1600,8.77E-06,,0.1632,0.1595,3.65E-05
,,,,,,,,,163.4,0.1701,6.18E-08,,81.7,0.1701,1.16E-07,,16.34,0.1700,5.12E-07,,7.41,0.5500,1.09E-06,,2.72,0.1694,2.82E-06,,1.634,0.1689,4.55E-06,,0.817,0.1701,8.74E-06,,0.1634,0.1695,3.72E-05
,,,,,,,,,163.6,0.1801,6.21E-08,,81.8,0.1801,1.17E-07,,16.36,0.1800,5.13E-07,,7.42,0.5600,1.09E-06,,2.73,0.1794,2.82E-06,,1.636,0.1789,4.54E-06,,0.818,0.1801,8.70E-06,,0.1636,0.1795,3.79E-05
,,,,,,,,,163.8,0.1901,6.23E-08,,81.9,0.1901,1.17E-07,,16.38,0.1900,5.14E-07,,7.43,0.5699,1.10E-06,,2.73,0.1894,2.81E-06,,1.638,0.1889,4.53E-06,,0.819,0.1901,8.66E-06,,0.1638,0.1900,3.84E-05
,,,,,,,,,164.0,0.2001,6.26E-08,,82.0,0.2000,1.18E-07,,16.40,0.2000,5.16E-07,,7.44,0.5799,1.10E-06,,2.73,0.1994,2.81E-06,,1.640,0.1989,4.52E-06,,0.820,0.2001,8.62E-06,,0.1640,0.1995,3.88E-05
,,,,,,,,,164.2,0.2101,6.28E-08,,82.1,0.2101,1.18E-07,,16.42,0.2100,5.17E-07,,7.45,0.5899,1.11E-06,,2.74,0.2094,2.81E-06,,1.642,0.2090,4.51E-06,,0.821,0.2101,8.59E-06,,0.1642,0.2095,3.92E-05
,,,,,,,,,164.4,0.2201,6.30E-08,,82.2,0.2201,1.19E-07,,16.44,0.2200,5.18E-07,,7.46,0.5999,1.12E-06,,2.74,0.2194,2.81E-06,,1.644,0.2190,4.50E-06,,0.822,0.2201,8.56E-06,,0.1644,0.2195,3.96E-05
,,,,,,,,,164.6,0.2301,6.33E-08,,82.3,0.2301,1.19E-07,,16.46,0.2300,5.19E-07,,,,,,2.74,0.2295,2.81E-06,,1.646,0.2290,4.49E-06,,0.823,0.2301,8.53E-06,,0.1646,0.2295,4.01E-05
,,,,,,,,,164.8,0.2401,6.35E-08,,82.4,0.2401,1.19E-07,,16.48,0.2400,5.20E-07,,,,,,2.75,0.2394,2.80E-06,,1.648,0.2390,4.48E-06,,0.824,0.2401,8.49E-06,,0.1648,0.2400,4.08E-05
,,,,,,,,,165.0,0.2501,6.36E-08,,82.5,0.2501,1.20E-07,,16.50,0.2500,5.22E-07,,,,,,2.75,0.2494,2.80E-06,,1.650,0.2490,4.47E-06,,0.825,0.2501,8.46E-06,,0.1650,0.2495,4.11E-05
,,,,,,,,,165.2,0.2601,6.38E-08,,82.6,0.2601,1.20E-07,,16.52,0.2600,5.22E-07,,,,,,2.75,0.2594,2.80E-06,,1.652,0.2590,4.46E-06,,0.826,0.2601,8.43E-06,,0.1652,0.2595,4.15E-05
,,,,,,,,,165.4,0.2701,6.40E-08,,82.7,0.2700,1.21E-07,,16.54,0.2700,5.24E-07,,,,,,2.76,0.2694,2.79E-06,,1.654,0.2690,4.45E-06,,0.827,0.2701,8.40E-06,,0.1654,0.2695,4.21E-05
,,,,,,,,,165.6,0.2801,6.43E-08,,82.8,0.2800,1.21E-07,,16.56,0.2800,5.25E-07,,,,,,2.76,0.2794,2.79E-06,,1.656,0.2789,4.44E-06,,0.828,0.2801,8.38E-06,,0.1656,0.2795,4.25E-05
,,,,,,,,,165.8,0.2901,6.44E-08,,82.9,0.2900,1.21E-07,,16.58,0.2900,5.27E-07,,,,,,2.76,0.2894,2.79E-06,,1.658,0.2889,4.43E-06,,0.829,0.2901,8.35E-06,,0.1658,0.2900,4.28E-05
,,,,,,,,,166.0,0.3001,6.49E-08,,83.0,0.3001,1.22E-07,,16.60,0.3000,5.29E-07,,,,,,2.77,0.2995,2.80E-06,,1.660,0.2990,4.43E-06,,0.830,0.3001,8.33E-06,,0.1660,0.2996,4.30E-05
,,,,,,,,,166.2,0.3101,6.49E-08,,83.1,0.3101,1.22E-07,,16.62,0.3100,5.30E-07,,,,,,2.77,0.3095,2.79E-06,,1.662,0.3090,4.43E-06,,0.831,0.3101,8.30E-06,,0.1662,0.3096,4.33E-05
,,,,,,,,,166.4,0.3201,6.51E-08,,83.2,0.3201,1.23E-07,,16.64,0.3200,5.31E-07,,,,,,2.77,0.3195,2.80E-06,,1.664,0.3190,4.42E-06,,0.832,0.3201,8.28E-06,,0.1664,0.3196,4.35E-05
,,,,,,,,,166.6,0.3301,6.54E-08,,83.3,0.3301,1.23E-07,,16.66,0.3300,5.33E-07,,,,,,2.78,0.3295,2.80E-06,,1.666,0.3290,4.42E-06,,0.833,0.3301,8.26E-06,,0.1666,0.3296,4.38E-05
,,,,,,,,,166.8,0.3401,6.56E-08,,83.4,0.3401,1.23E-07,,16.68,0.3400,5.35E-07,,,,,,2.78,0.3395,2.80E-06,,1.668,0.3390,4.42E-06,,0.834,0.3401,8.24E-06,,0.1668,0.3396,4.41E-05
,,,,,,,,,167.0,0.3501,6.58E-08,,83.5,0.3501,1.24E-07,,16.70,0.3500,5.36E-07,,,,,,2.78,0.3495,2.80E-06,,1.670,0.3490,4.42E-06,,0.835,0.3501,8.22E-06,,0.1670,0.3496,4.41E-05
,,,,,,,,,167.2,0.3601,6.61E-08,,83.6,0.3601,1.24E-07,,16.72,0.3600,5.38E-07,,,,,,2.79,0.3595,2.80E-06,,1.672,0.3590,4.42E-06,,0.836,0.3601,8.20E-06,,0.1672,0.3596,4.43E-05
,,,,,,,,,167.4,0.3701,6.64E-08,,83.7,0.3701,1.25E-07,,16.74,0.3700,5.40E-07,,,,,,2.79,0.3695,2.81E-06,,1.674,0.3690,4.42E-06,,0.837,0.3701,8.19E-06,,0.1674,0.3696,4.44E-05
,,,,,,,,,167.6,0.3801,6.67E-08,,83.8,0.3801,1.25E-07,,16.76,0.3800,5.42E-07,,,,,,2.79,0.3795,2.82E-06,,1.676,0.3790,4.42E-06,,0.838,0.3801,8.18E-06,,0.1676,0.3796,4.44E-05
,,,,,,,,,167.8,0.3901,6.70E-08,,83.9,0.3901,1.25E-07,,16.78,0.3900,5.43E-07,,,,,,2.80,0.3895,2.82E-06,,1.678,0.3890,4.42E-06,,0.839,0.3901,8.17E-06,,0.1678,0.3896,4.45E-05
,,,,,,,,,168.0,0.4001,6.73E-08,,84.0,0.4001,1.26E-07,,16.80,0.4000,5.45E-07,,,,,,2.80,0.3995,2.83E-06,,1.680,0.3990,4.43E-06,,0.840,0.4001,8.16E-06,,0.1680,0.3996,4.45E-05
,,,,,,,,,168.2,0.4101,6.76E-08,,84.1,0.4101,1.26E-07,,16.82,0.4100,5.47E-07,,,,,,2.80,0.4095,2.84E-06,,1.682,0.4090,4.44E-06,,0.841,0.4101,8.15E-06,,0.1682,0.4096,4.44E-05
,,,,,,,,,168.4,0.4201,6.79E-08,,84.2,0.4201,1.27E-07,,16.84,0.4200,5.49E-07,,,,,,2.81,0.4195,2.85E-06,,1.684,0.4190,4.44E-06,,0.842,0.4201,8.15E-06,,0.1684,0.4196,4.43E-05
,,,,,,,,,168.6,0.4301,6.82E-08,,84.3,0.4301,1.27E-07,,16.86,0.4300,5.51E-07,,,,,,2.81,0.4295,2.86E-06,,1.686,0.4290,4.45E-06,,0.843,0.4301,8.15E-06,,0.1686,0.4296,4.41E-05
,,,,,,,,,168.8,0.4401,6.86E-08,,84.4,0.4401,1.28E-07,,16.88,0.4400,5.53E-07,,,,,,2.81,0.4394,2.87E-06,,1.688,0.4390,4.46E-06,,0.844,0.4401,8.15E-06,,0.1688,0.4396,4.40E-05
,,,,,,,,,169.0,0.4501,6.89E-08,,84.5,0.4501,1.30E-07,,16.90,0.4500,5.55E-07,,,,,,2.82,0.4495,2.88E-06,,1.690,0.4490,4.48E-06,,0.845,0.4501,8.15E-06,,0.1690,0.4496,4.40E-05
,,,,,,,,,169.2,0.4601,6.93E-08,,84.6,0.4601,1.30E-07,,16.92,0.4600,5.57E-07,,,,,,2.82,0.4595,2.89E-06,,1.692,0.4590,4.49E-06,,0.846,0.4601,8.16E-06,,0.1692,0.4596,4.38E-05
,,,,,,,,,169.4,0.4701,6.96E-08,,84.7,0.4700,1.31E-07,,16.94,0.4700,5.58E-07,,,,,,2.82,0.4694,2.90E-06,,1.694,0.4690,4.51E-06,,0.847,0.4701,8.16E-06,,0.1694,0.4696,4.37E-05
,,,,,,,,,169.6,0.4801,7.00E-08,,84.8,0.4801,1.30E-07,,16.96,0.4800,5.61E-07,,,,,,2.83,0.4794,2.92E-06,,1.696,0.4790,4.53E-06,,0.848,0.4801,8.18E-06,,0.1696,0.4796,4.35E-05
,,,,,,,,,169.8,0.4901,7.04E-08,,84.9,0.4901,1.31E-07,,16.98,0.4900,5.62E-07,,,,,,2.83,0.4894,2.94E-06,,1.698,0.4890,4.55E-06,,0.849,0.4901,8.19E-06,,0.1698,0.4895,4.34E-05
,,,,,,,,,170.0,0.5001,7.11E-08,,85.0,0.5001,1.32E-07,,17.00,0.5000,5.66E-07,,,,,,2.83,0.4995,2.96E-06,,1.700,0.4990,4.57E-06,,0.850,0.5001,8.22E-06,,0.1700,0.4996,4.33E-05
,,,,,,,,,170.2,0.5101,7.14E-08,,85.1,0.5101,1.32E-07,,17.02,0.5100,5.67E-07,,,,,,2.84,0.5095,2.98E-06,,1.702,0.5090,4.60E-06,,0.851,0.5101,8.24E-06,,0.1702,0.5096,4.30E-05
,,,,,,,,,170.4,0.5201,7.19E-08,,85.2,0.5201,1.33E-07,,17.04,0.5200,5.69E-07,,,,,,2.84,0.5195,2.99E-06,,1.704,0.5190,4.62E-06,,0.852,0.5201,8.26E-06,,0.1704,0.5196,4.27E-05
,,,,,,,,,170.6,0.5301,7.24E-08,,85.3,0.5301,1.34E-07,,17.06,0.5300,5.71E-07,,,,,,2.84,0.5295,3.01E-06,,1.706,0.5290,4.65E-06,,0.853,0.5301,8.29E-06,,0.1706,0.5296,4.25E-05
,,,,,,,,,170.8,0.5401,7.29E-08,,85.4,0.5401,1.35E-07,,17.08,0.5400,5.74E-07,,,,,,2.85,0.5394,3.04E-06,,1.708,0.5390,4.68E-06,,0.854,0.5401,8.32E-06,,0.1708,0.5396,4.23E-05
,,,,,,,,,171.0,0.5501,7.36E-08,,85.5,0.5501,1.36E-07,,17.10,0.5500,5.77E-07,,,,,,2.85,0.5494,3.06E-06,,1.710,0.5490,4.72E-06,,0.855,0.5502,8.36E-06,,0.1710,0.5496,4.21E-05
,,,,,,,,,171.2,0.5601,7.44E-08,,85.6,0.5601,1.37E-07,,17.12,0.5600,5.79E-07,,,,,,2.85,0.5594,3.09E-06,,1.712,0.5590,4.75E-06,,0.856,0.5601,8.40E-06,,0.1712,0.5596,4.18E-05
,,,,,,,,,171.4,0.5701,7.52E-08,,85.7,0.5701,1.39E-07,,17.14,0.5700,5.82E-07,,,,,,2.86,0.5694,3.11E-06,,1.714,0.5690,4.79E-06,,0.857,0.5701,8.45E-06,,0.1714,0.5696,4.15E-05
,,,,,,,,,171.6,0.5801,7.61E-08,,85.8,0.5801,1.40E-07,,17.16,0.5800,5.86E-07,,,,,,2.86,0.5794,3.14E-06,,1.716,0.5790,4.83E-06,,0.858,0.5801,8.49E-06,,0.1716,0.5796,4.12E-05
,,,,,,,,,171.8,0.5901,7.71E-08,,85.9,0.5901,1.41E-07,,17.18,0.5900,5.90E-07,,,,,,2.86,0.5895,3.16E-06,,1.718,0.5890,4.88E-06,,0.859,0.5901,8.55E-06,,0.1718,0.5896,4.11E-05
,,,,,,,,,172.0,0.6001,7.82E-08,,86.0,0.6001,1.43E-07,,17.20,0.6000,5.94E-07,,,,,,2.87,0.5994,3.19E-06,,1.720,0.5990,4.92E-06,,0.860,0.6001,8.61E-06,,0.1720,0.5996,4.09E-05
